inchikey14,metric_ik14,n_other_libs,n_other_spectra,other_libs
PFTAWBLQPZVEMU,PFTAWBLQPZVEMU,7,1464,drug_plus;gnps;massbank;mona;msdial;pluskal_ms2;riken
AIONOLUJZLIMTK,AIONOLUJZLIMTK,7,1301,drug_plus;gnps;massbank;mona;msdial;pluskal_ms2;riken
TZBJGXHYKVUXJN,TZBJGXHYKVUXJN,7,1015,drug_plus;gnps;massbank;mona;msdial;pluskal_ms2;riken
CWVRJTMFETXNAD,CWVRJTMFETXNAD,7,871,drug_plus;gnps;massbank;mona;msdial;pluskal_ms2;riken
RTIXKCRFFJGDFG,RTIXKCRFFJGDFG,7,785,drug_plus;gnps;massbank;mona;msdial;pluskal_ms2;riken
WCGUUGGRBIKTOS,WCGUUGGRBIKTOS,6,770,drug_plus;gnps;massbank;mona;msdial;riken
RKUNBYITZUJHSG,RKUNBYITZUJHSG,7,745,drug_plus;gnps;massbank;mona;msdial;pluskal_ms2;riken
FTVWIRXFELQLPI,FTVWIRXFELQLPI,7,722,drug_plus;gnps;massbank;mona;msdial;pluskal_ms2;riken
GZSOSUNBTXMUFQ,GZSOSUNBTXMUFQ,7,718,drug_plus;gnps;massbank;mona;msdial;pluskal_ms2;riken
BHQCQFFYRZLCQQ,BHQCQFFYRZLCQQ,7,713,drug_plus;gnps;massbank;mona;msdial;pluskal_ms2;riken
QAIPRVGONGVQAS,QAIPRVGONGVQAS,7,711,drug_plus;gnps;massbank;mona;msdial;pluskal_ms2;riken
WMBWREPUVVBILR,WMBWREPUVVBILR,7,706,drug_plus;gnps;massbank;mona;msdial;pluskal_ms2;riken
QIVBCDIJIAJPQS,QIVBCDIJIAJPQS,7,669,drug_plus;gnps;massbank;mona;msdial;pluskal_ms2;riken
IKGXIBQEEMLURG,IKGXIBQEEMLURG,7,643,drug_plus;gnps;massbank;mona;msdial;pluskal_ms2;riken
RYYVLZVUVIJVGH,RYYVLZVUVIJVGH,8,641,drug_plus;gnps;masaryk;massbank;mona;msdial;pluskal_ms2;riken
NODILNFGTFIURN,NODILNFGTFIURN,7,636,drug_plus;gnps;massbank;mona;msdial;pluskal_ms2;riken
ZFXYFBGIUFBOJW,ZFXYFBGIUFBOJW,8,579,drug_plus;gnps;masaryk;massbank;mona;msdial;pluskal_ms2;riken
IKMDFBPHZNJCSN,IKMDFBPHZNJCSN,6,543,drug_plus;gnps;massbank;mona;msdial;riken
BLGXFZZNTVWLAY,BLGXFZZNTVWLAY,7,537,drug_plus;gnps;massbank;mona;msdial;pluskal_ms2;riken
QEVHRUUCFGRFIF,QEVHRUUCFGRFIF,7,530,drug_plus;gnps;massbank;mona;msdial;pluskal_ms2;riken
UIDGLYUNOUKLBM,UIDGLYUNOUKLBM,6,527,gnps;massbank;mona;msdial;pluskal_ms2;riken
MPDGHEJMBKOTSU,YLHIVIHHVKLKEI,7,526,drug_plus;gnps;massbank;mona;msdial;pluskal_ms2;riken
XFZJEEAOWLFHDH,XFZJEEAOWLFHDH,6,492,gnps;massbank;mona;msdial;pluskal_ms2;riken
QXKHYNVANLEOEG,QXKHYNVANLEOEG,7,491,drug_plus;gnps;massbank;mona;msdial;pluskal_ms2;riken
FBPFZTCFMRRESA,FBPFZTCFMRRESA,8,452,drug_plus;gnps;masaryk;massbank;mona;msdial;pluskal_ms2;riken
BXNJHAXVSOCGBA,BXNJHAXVSOCGBA,7,452,drug_plus;gnps;massbank;mona;msdial;pluskal_ms2;riken
RNKMOGIPOMVCHO,RNKMOGIPOMVCHO,5,446,gnps;mona;msdial;pluskal_ms2;riken
CMKFQVZJOWHHDV,CMKFQVZJOWHHDV,6,441,gnps;massbank;mona;msdial;pluskal_ms2;riken
RUDATBOHQWOJDD,RUDATBOHQWOJDD,7,424,drug_plus;gnps;massbank;mona;msdial;pluskal_ms2;riken
GZYPWOGIYAIIPV,GZYPWOGIYAIIPV,7,418,drug_plus;gnps;massbank;mona;msdial;pluskal_ms2;riken
RFDAIACWWDREDC,RFDAIACWWDREDC,7,417,drug_plus;gnps;massbank;mona;msdial;pluskal_ms2;riken
DOUMFZQKYFQNTF,DOUMFZQKYFQNTF,6,417,gnps;massbank;mona;msdial;pluskal_ms2;riken
ASUTZQLVASHGKV,ASUTZQLVASHGKV,7,414,drug_plus;gnps;massbank;mona;msdial;pluskal_ms2;riken
ZRJBHWIHUMBLCN,ZRJBHWIHUMBLCN,7,403,drug_plus;gnps;massbank;mona;msdial;pluskal_ms2;riken
VMXUWOKSQNHOCA,SYNOVMDJYWJCON,8,394,drug_plus;gnps;masaryk;massbank;mona;msdial;pluskal_ms2;riken
DVGGLGXQSFURLP,DVGGLGXQSFURLP,6,391,gnps;massbank;mona;msdial;pluskal_ms2;riken
IOUVKUPGCMBWBT,IOUVKUPGCMBWBT,6,388,gnps;massbank;mona;msdial;pluskal_ms2;riken
YGPSJZOEDVAXAB,YGPSJZOEDVAXAB,8,384,drug_plus;gnps;masaryk;massbank;mona;msdial;pluskal_ms2;riken
VNONINPVFQTJOC,VNONINPVFQTJOC,4,383,gnps;mona;pluskal_ms2;riken
RXPRRQLKFXBCSJ,RXPRRQLKFXBCSJ,7,377,drug_plus;gnps;massbank;mona;msdial;pluskal_ms2;riken
ILEDWLMCKZNDJK,ILEDWLMCKZNDJK,6,377,gnps;massbank;mona;msdial;pluskal_ms2;riken
GMBQZIIUCVWOCD,GMBQZIIUCVWOCD,6,374,drug_plus;gnps;massbank;mona;msdial;riken
MGJLSBDCWOSMHL,MGJLSBDCWOSMHL,6,362,gnps;massbank;mona;msdial;pluskal_ms2;riken
JYGXADMDTFJGBT,JYGXADMDTFJGBT,8,360,drug_plus;gnps;masaryk;massbank;mona;msdial;pluskal_ms2;riken
XUCIJNAGGSZNQT,XUCIJNAGGSZNQT,6,349,gnps;massbank;mona;msdial;pluskal_ms2;riken
HPNSFSBZBAHARI,HPNSFSBZBAHARI,7,348,drug_plus;gnps;massbank;mona;msdial;pluskal_ms2;riken
JXSVIVRDWWRQRT,JXSVIVRDWWRQRT,7,347,drug_plus;gnps;massbank;mona;msdial;pluskal_ms2;riken
VGEREEWJJVICBM,VGEREEWJJVICBM,7,346,drug_plus;gnps;massbank;mona;msdial;pluskal_ms2;riken
TZJALUIVHRYQQB,TZJALUIVHRYQQB,7,343,drug_plus;gnps;massbank;mona;msdial;pluskal_ms2;riken
FVYXIJYOAGAUQK,FVYXIJYOAGAUQK,6,343,gnps;massbank;mona;msdial;pluskal_ms2;riken
ACWBQPMHZXGDFX,ACWBQPMHZXGDFX,8,342,drug_plus;gnps;masaryk;massbank;mona;msdial;pluskal_ms2;riken
LXNHXLLTXMVWPM,LXNHXLLTXMVWPM,7,340,drug_plus;gnps;massbank;mona;msdial;pluskal_ms2;riken
XQYZDYMELSJDRZ,XQYZDYMELSJDRZ,7,339,drug_plus;gnps;massbank;mona;msdial;pluskal_ms2;riken
RODXRVNMMDRFIK,RODXRVNMMDRFIK,5,336,gnps;massbank;mona;msdial;riken
UZKQTCBAMSWPJD,UZKQTCBAMSWPJD,7,333,drug_plus;gnps;massbank;mona;msdial;pluskal_ms2;riken
CKLJMWTZIZZHCS,CKLJMWTZIZZHCS,8,331,drug_plus;gnps;masaryk;massbank;mona;msdial;pluskal_ms2;riken
URFCJEUYXNAHFI,URFCJEUYXNAHFI,6,327,gnps;massbank;mona;msdial;pluskal_ms2;riken
AUVVAXYIELKVAI,AUVVAXYIELKVAI,7,322,drug_plus;gnps;massbank;mona;msdial;pluskal_ms2;riken
QANMHLXAZMSUEX,QANMHLXAZMSUEX,7,321,drug_plus;gnps;massbank;mona;msdial;pluskal_ms2;riken
XHCADAYNFIFUHF,XHCADAYNFIFUHF,7,316,drug_plus;gnps;massbank;mona;msdial;pluskal_ms2;riken
PCZOHLXUXFIOCF,PCZOHLXUXFIOCF,8,315,drug_plus;gnps;masaryk;massbank;mona;msdial;pluskal_ms2;riken
NGSWKAQJJWESNS,NGSWKAQJJWESNS,7,312,drug_plus;gnps;massbank;mona;msdial;pluskal_ms2;riken
HSHNITRMYYLLCV,HSHNITRMYYLLCV,7,305,drug_plus;gnps;massbank;mona;msdial;pluskal_ms2;riken
PLAPMLGJVGLZOV,PLAPMLGJVGLZOV,6,302,gnps;massbank;mona;msdial;pluskal_ms2;riken
NYHBQMYGNKIUIF,NYHBQMYGNKIUIF,7,301,drug_plus;gnps;massbank;mona;msdial;pluskal_ms2;riken
WYJAPUKIYAZSEM,WYJAPUKIYAZSEM,7,301,drug_plus;gnps;massbank;mona;msdial;pluskal_ms2;riken
WTDRDQBEARUVNC,WTDRDQBEARUVNC,8,296,drug_plus;gnps;masaryk;massbank;mona;msdial;pluskal_ms2;riken
YWJXCIXBAKGUKZ,YWJXCIXBAKGUKZ,6,294,gnps;massbank;mona;msdial;pluskal_ms2;riken
PSIFNNKUMBGKDQ,PSIFNNKUMBGKDQ,8,291,drug_plus;gnps;masaryk;massbank;mona;msdial;pluskal_ms2;riken
RCINICONZNJXQF,NDUAXKHGCJIYEQ,7,285,drug_plus;gnps;massbank;mona;msdial;pluskal_ms2;riken
UEDUENGHJMELGK,UEDUENGHJMELGK,5,285,gnps;massbank;msdial;pluskal_ms2;riken
DXDRHHKMWQZJHT,DXDRHHKMWQZJHT,7,284,drug_plus;gnps;massbank;mona;msdial;pluskal_ms2;riken
AMOGMTLMADGEOQ,AMOGMTLMADGEOQ,7,276,drug_plus;gnps;massbank;mona;msdial;pluskal_ms2;riken
SQOJOAFXDQDRGF,SQOJOAFXDQDRGF,7,273,drug_plus;gnps;massbank;mona;msdial;pluskal_ms2;riken
STECJAGHUSJQJN,STECJAGHUSJQJN,6,272,drug_plus;gnps;massbank;mona;msdial;riken
SGEWCQFRYRRZDC,SGEWCQFRYRRZDC,6,267,gnps;massbank;mona;msdial;pluskal_ms2;riken
ZKLPARSLTMPFCP,ZKLPARSLTMPFCP,8,266,drug_plus;gnps;masaryk;massbank;mona;msdial;pluskal_ms2;riken
ULGZDMOVFRHVEP,ULGZDMOVFRHVEP,8,261,drug_plus;gnps;masaryk;massbank;mona;msdial;pluskal_ms2;riken
QGXBDMJGAMFCBF,QGXBDMJGAMFCBF,6,257,drug_plus;gnps;massbank;mona;msdial;riken
JUVIOZPCNVVQFO,JUVIOZPCNVVQFO,7,256,drug_plus;gnps;massbank;mona;msdial;pluskal_ms2;riken
IKIIZLYTISPENI,IKIIZLYTISPENI,6,255,gnps;massbank;mona;msdial;pluskal_ms2;riken
IVOMOUWHDPKRLL,IVOMOUWHDPKRLL,8,254,drug_plus;gnps;masaryk;massbank;mona;msdial;pluskal_ms2;riken
YKPUWZUDDOIDPM,YKPUWZUDDOIDPM,7,239,drug_plus;gnps;massbank;mona;msdial;pluskal_ms2;riken
FXNFHKRTJBSTCS,FXNFHKRTJBSTCS,7,237,drug_plus;gnps;massbank;mona;msdial;pluskal_ms2;riken
RHMXXJGYXNZAPX,RHMXXJGYXNZAPX,7,236,drug_plus;gnps;massbank;mona;msdial;pluskal_ms2;riken
CRSFLLTWRCYNNX,CRSFLLTWRCYNNX,6,236,gnps;massbank;mona;msdial;pluskal_ms2;riken
KYWSCMDFVARMPN,KYWSCMDFVARMPN,6,234,gnps;massbank;mona;msdial;pluskal_ms2;riken
MATGKVZWFZHCLI,MATGKVZWFZHCLI,7,227,drug_plus;gnps;massbank;mona;msdial;pluskal_ms2;riken
RMMXLENWKUUMAY,RMMXLENWKUUMAY,8,226,drug_plus;gnps;masaryk;massbank;mona;msdial;pluskal_ms2;riken
HYFHYPWGAURHIV,HYFHYPWGAURHIV,7,223,drug_plus;gnps;massbank;mona;msdial;pluskal_ms2;riken
AAWZDTNXLSGCEK,AAWZDTNXLSGCEK,7,223,gnps;masaryk;massbank;mona;msdial;pluskal_ms2;riken
VHRSUDSXCMQTMA,ZABDAGALHQDSEU,7,219,drug_plus;gnps;massbank;mona;msdial;pluskal_ms2;riken
FFGPTBGBLSHEPO,FFGPTBGBLSHEPO,8,217,drug_plus;gnps;masaryk;massbank;mona;msdial;pluskal_ms2;riken
PNVNVHUZROJLTJ,PNVNVHUZROJLTJ,8,217,drug_plus;gnps;masaryk;massbank;mona;msdial;pluskal_ms2;riken
SQFSKOYWJBQGKQ,SQFSKOYWJBQGKQ,6,214,gnps;massbank;mona;msdial;pluskal_ms2;riken
OIGNJSKKLXVSLS,OIGNJSKKLXVSLS,8,208,drug_plus;gnps;masaryk;massbank;mona;msdial;pluskal_ms2;riken
MXYUKLILVYORSK,MXYUKLILVYORSK,6,207,drug_plus;gnps;mona;msdial;pluskal_ms2;riken
UIKROCXWUNQSPJ,UIKROCXWUNQSPJ,8,206,drug_plus;gnps;masaryk;massbank;mona;msdial;pluskal_ms2;riken
CGIGDMFJXJATDK,CGIGDMFJXJATDK,8,202,drug_plus;gnps;masaryk;massbank;mona;msdial;pluskal_ms2;riken
LPMXVESGRSUGHW,LPMXVESGRSUGHW,7,202,drug_plus;gnps;massbank;mona;msdial;pluskal_ms2;riken
SUBDBMMJDZJVOS,SUBDBMMJDZJVOS,8,199,drug_plus;gnps;masaryk;massbank;mona;msdial;pluskal_ms2;riken
IEDVJHCEMCRBQM,IEDVJHCEMCRBQM,8,198,drug_plus;gnps;masaryk;massbank;mona;msdial;pluskal_ms2;riken
LSQZJLSUYDQPKJ,LSQZJLSUYDQPKJ,8,197,drug_plus;gnps;masaryk;massbank;mona;msdial;pluskal_ms2;riken
JYXSWDCPHRTYGU,JYXSWDCPHRTYGU,6,195,gnps;massbank;mona;msdial;pluskal_ms2;riken
IECPWNUMDGFDKC,IECPWNUMDGFDKC,7,195,drug_plus;gnps;massbank;mona;msdial;pluskal_ms2;riken
HEYZWPRKKUGDCR,HEYZWPRKKUGDCR,6,192,gnps;massbank;mona;msdial;pluskal_ms2;riken
VRSRXLJTYQVOHC,VRSRXLJTYQVOHC,6,191,gnps;massbank;mona;msdial;pluskal_ms2;riken
FJKROLUGYXJWQN,FJKROLUGYXJWQN,7,190,drug_plus;gnps;massbank;mona;msdial;pluskal_ms2;riken
QCHFTSOMWOSFHM,QCHFTSOMWOSFHM,6,186,drug_plus;gnps;massbank;mona;msdial;riken
HSMPDPBYAYSOBC,HSMPDPBYAYSOBC,6,186,gnps;massbank;mona;msdial;pluskal_ms2;riken
CZMRCDWAGMRECN,CZMRCDWAGMRECN,8,184,drug_plus;gnps;masaryk;massbank;mona;msdial;pluskal_ms2;riken
DUXQKCCELUKXOE,DUXQKCCELUKXOE,6,183,gnps;massbank;mona;msdial;pluskal_ms2;riken
BBMULGJBVDDDNI,BBMULGJBVDDDNI,6,181,drug_plus;gnps;mona;msdial;pluskal_ms2;riken
BJRNKVDFDLYUGJ,BJRNKVDFDLYUGJ,7,181,drug_plus;gnps;massbank;mona;msdial;pluskal_ms2;riken
IFIQVSCCFRXSJV,IFIQVSCCFRXSJV,5,181,gnps;mona;msdial;pluskal_ms2;riken
GFNANZIMVAIWHM,GFNANZIMVAIWHM,8,181,drug_plus;gnps;masaryk;massbank;mona;msdial;pluskal_ms2;riken
DATAGRPVKZEWHA,DATAGRPVKZEWHA,8,179,drug_plus;gnps;masaryk;massbank;mona;msdial;pluskal_ms2;riken
XOJVHLIYNSOZOO,XOJVHLIYNSOZOO,6,179,gnps;massbank;mona;msdial;pluskal_ms2;riken
WJXSWCUQABXPFS,WJXSWCUQABXPFS,8,177,drug_plus;gnps;masaryk;massbank;mona;msdial;pluskal_ms2;riken
XUFQPHANEAPEMJ,XUFQPHANEAPEMJ,8,176,drug_plus;gnps;masaryk;massbank;mona;msdial;pluskal_ms2;riken
AGOYDEPGAOXOCK,AGOYDEPGAOXOCK,8,176,drug_plus;gnps;masaryk;massbank;mona;msdial;pluskal_ms2;riken
LOIYMIARKYCTBW,LOIYMIARKYCTBW,8,175,drug_plus;gnps;masaryk;massbank;mona;msdial;pluskal_ms2;riken
ANJTVLIZGCUXLD,ANJTVLIZGCUXLD,7,174,drug_plus;gnps;massbank;mona;msdial;pluskal_ms2;riken
PRAUVHZJPXOEIF,PRAUVHZJPXOEIF,7,172,drug_plus;gnps;massbank;mona;msdial;pluskal_ms2;riken
ATBZZQPALSPNMF,ATBZZQPALSPNMF,2,169,msdial;riken
IYGYMKDQCDOMRE,IYGYMKDQCDOMRE,6,168,drug_plus;gnps;massbank;mona;pluskal_ms2;riken
KWBPKUMWVXUSCA,KWBPKUMWVXUSCA,3,167,gnps;pluskal_ms2;riken
XJQPQKLURWNAAH,XJQPQKLURWNAAH,6,165,gnps;massbank;mona;msdial;pluskal_ms2;riken
BMLIIPOXVWESJG,BMLIIPOXVWESJG,5,162,gnps;massbank;msdial;pluskal_ms2;riken
KPYSYYIEGFHWSV,KPYSYYIEGFHWSV,8,161,drug_plus;gnps;masaryk;massbank;mona;msdial;pluskal_ms2;riken
SDIVYZXRQHWCKF,SDIVYZXRQHWCKF,6,160,gnps;massbank;mona;msdial;pluskal_ms2;riken
MBRLOUHOWLUMFF,MBRLOUHOWLUMFF,6,158,gnps;massbank;mona;msdial;pluskal_ms2;riken
ZZVUWRFHKOJYTH,ZZVUWRFHKOJYTH,8,156,drug_plus;gnps;masaryk;massbank;mona;msdial;pluskal_ms2;riken
MBNGWHIJMBWFHU,MBNGWHIJMBWFHU,7,154,drug_plus;gnps;massbank;mona;msdial;pluskal_ms2;riken
BDCDNTVZSILEOY,BDCDNTVZSILEOY,6,153,gnps;massbank;mona;msdial;pluskal_ms2;riken
XRWQBDJPMXRDOQ,XRWQBDJPMXRDOQ,2,153,pluskal_ms2;riken
KBDSLGBFQAGHBE,KBDSLGBFQAGHBE,5,148,gnps;mona;msdial;pluskal_ms2;riken
DFMAXQKDIGCMTL,DFMAXQKDIGCMTL,6,143,gnps;massbank;mona;msdial;pluskal_ms2;riken
YKRGDOXKVOZESV,YKRGDOXKVOZESV,7,141,drug_plus;gnps;massbank;mona;msdial;pluskal_ms2;riken
SHIBSTMRCDJXLN,SHIBSTMRCDJXLN,7,141,drug_plus;gnps;massbank;mona;msdial;pluskal_ms2;riken
HYBRYAPKQCZIAE,HYBRYAPKQCZIAE,6,140,gnps;massbank;mona;msdial;pluskal_ms2;riken
CJDRUOGAGYHKKD,CJDRUOGAGYHKKD,7,138,drug_plus;gnps;massbank;mona;msdial;pluskal_ms2;riken
CLEXYFLHGFJONT,CLEXYFLHGFJONT,6,136,gnps;massbank;mona;msdial;pluskal_ms2;riken
DOFJNFPSMUCECH,DOFJNFPSMUCECH,5,135,gnps;mona;msdial;pluskal_ms2;riken
ALEXXDVDDISNDU,XNMUPDICNYMLBM,7,134,drug_plus;gnps;massbank;mona;msdial;pluskal_ms2;riken
QJPCKAJTLHDNCS,QJPCKAJTLHDNCS,2,132,pluskal_ms2;riken
MALFODICFSIXPO,MALFODICFSIXPO,6,129,gnps;massbank;mona;msdial;pluskal_ms2;riken
RONZAEMNMFQXRA,RONZAEMNMFQXRA,8,126,drug_plus;gnps;masaryk;massbank;mona;msdial;pluskal_ms2;riken
ORJVQPIHKOARKV,ORJVQPIHKOARKV,6,124,gnps;massbank;mona;msdial;pluskal_ms2;riken
IPVQLZZIHOAWMC,IPVQLZZIHOAWMC,8,124,drug_plus;gnps;masaryk;massbank;mona;msdial;pluskal_ms2;riken
VAOCPAMSLUNLGC,VAOCPAMSLUNLGC,8,123,drug_plus;gnps;masaryk;massbank;mona;msdial;pluskal_ms2;riken
MKUXAQIIEYXACX,MKUXAQIIEYXACX,8,122,drug_plus;gnps;masaryk;massbank;mona;msdial;pluskal_ms2;riken
KTZNZCYTXQYEHT,KTZNZCYTXQYEHT,4,122,massbank;mona;msdial;riken
CKEXCBVNKRHAMX,CKEXCBVNKRHAMX,5,120,gnps;massbank;msdial;pluskal_ms2;riken
OZWKMVRBQXNZKK,OZWKMVRBQXNZKK,8,116,drug_plus;gnps;masaryk;massbank;mona;msdial;pluskal_ms2;riken
DBEPLOCGEIEOCV,DBEPLOCGEIEOCV,8,116,drug_plus;gnps;masaryk;massbank;mona;msdial;pluskal_ms2;riken
ZHSOTLOTTDYIIK,ZHSOTLOTTDYIIK,6,115,gnps;massbank;mona;msdial;pluskal_ms2;riken
ZTHLHHDJRXJGRX,ZTHLHHDJRXJGRX,5,114,gnps;mona;msdial;pluskal_ms2;riken
NWBJYWHLCVSVIJ,NWBJYWHLCVSVIJ,6,113,gnps;massbank;mona;msdial;pluskal_ms2;riken
GBXSMTUPTTWBMN,GBXSMTUPTTWBMN,8,110,drug_plus;gnps;masaryk;massbank;mona;msdial;pluskal_ms2;riken
ZBHUUXLHDOUMKM,ZBHUUXLHDOUMKM,5,110,gnps;mona;msdial;pluskal_ms2;riken
HGJXAVROWQLCTP,HGJXAVROWQLCTP,5,108,gnps;mona;msdial;pluskal_ms2;riken
WOXKDUGGOYFFRN,WOXKDUGGOYFFRN,8,108,drug_plus;gnps;masaryk;massbank;mona;msdial;pluskal_ms2;riken
XGYIMTFOTBMPFP,XGYIMTFOTBMPFP,6,106,gnps;massbank;mona;msdial;pluskal_ms2;riken
XVPBINOPNYFXID,XVPBINOPNYFXID,6,105,drug_plus;gnps;mona;msdial;pluskal_ms2;riken
RYMZZMVNJRMUDD,RYMZZMVNJRMUDD,8,103,drug_plus;gnps;masaryk;massbank;mona;msdial;pluskal_ms2;riken
GRBXNADBNJGZRK,GRBXNADBNJGZRK,6,103,gnps;massbank;mona;msdial;pluskal_ms2;riken
HDACQVRGBOVJII,HDACQVRGBOVJII,8,103,drug_plus;gnps;masaryk;massbank;mona;msdial;pluskal_ms2;riken
HUSISCNTLUEZCN,HUSISCNTLUEZCN,5,102,massbank;mona;msdial;pluskal_ms2;riken
GYSCAQFHASJXRS,GYSCAQFHASJXRS,6,101,gnps;massbank;mona;msdial;pluskal_ms2;riken
ACNHBCIZLNNLRS,ACNHBCIZLNNLRS,6,101,drug_plus;gnps;massbank;mona;pluskal_ms2;riken
ZJTJUVIJVLLGSP,ZJTJUVIJVLLGSP,8,99,drug_plus;gnps;masaryk;massbank;mona;msdial;pluskal_ms2;riken
XKLMZUWKNUAPSZ,XKLMZUWKNUAPSZ,8,99,drug_plus;gnps;masaryk;massbank;mona;msdial;pluskal_ms2;riken
VHBFFQKBGNRLFZ,VHBFFQKBGNRLFZ,7,99,drug_plus;gnps;massbank;mona;msdial;pluskal_ms2;riken
PHLBKPHSAVXXEF,PHLBKPHSAVXXEF,8,99,drug_plus;gnps;masaryk;massbank;mona;msdial;pluskal_ms2;riken
RCFGIEPQSDGMJJ,RCFGIEPQSDGMJJ,5,96,gnps;mona;msdial;pluskal_ms2;riken
OGWKCGZFUXNPDA,OGWKCGZFUXNPDA,7,93,drug_plus;gnps;massbank;mona;msdial;pluskal_ms2;riken
JXLYSJRDGCGARV,JXLYSJRDGCGARV,7,92,drug_plus;gnps;massbank;mona;msdial;pluskal_ms2;riken
RXGUTQNKCXHALN,RXGUTQNKCXHALN,6,92,gnps;massbank;mona;msdial;pluskal_ms2;riken
DWTTZBARDOXEAM,DWTTZBARDOXEAM,7,91,drug_plus;gnps;massbank;mona;msdial;pluskal_ms2;riken
SEEGHKWOBVVBTQ,SEEGHKWOBVVBTQ,6,90,gnps;massbank;mona;msdial;pluskal_ms2;riken
SLYDIPAXCVVRNY,SLYDIPAXCVVRNY,6,89,gnps;massbank;mona;msdial;pluskal_ms2;riken
ADEBPBSSDYVVLD,ADEBPBSSDYVVLD,8,88,drug_plus;gnps;masaryk;massbank;mona;msdial;pluskal_ms2;riken
YZMKFMIZNSOPSN,YZMKFMIZNSOPSN,2,87,pluskal_ms2;riken
KQNZDYYTLMIZCT,KQNZDYYTLMIZCT,6,87,drug_plus;gnps;massbank;mona;msdial;riken
LZFZMUMEGBBDTC,LZFZMUMEGBBDTC,8,86,drug_plus;gnps;masaryk;massbank;mona;msdial;pluskal_ms2;riken
XJLATMLVMSFZBN,XJLATMLVMSFZBN,6,86,drug_plus;gnps;mona;msdial;pluskal_ms2;riken
RWQKHEORZBHNRI,RWQKHEORZBHNRI,6,85,gnps;massbank;mona;msdial;pluskal_ms2;riken
SNGHLUWTFLYPMT,KLWSYWJRTXQLGN,5,82,gnps;mona;msdial;pluskal_ms2;riken
XYYAFLHHHZVPRN,XYYAFLHHHZVPRN,4,80,gnps;mona;msdial;riken
HELXLJCILKEWJH,HELXLJCILKEWJH,5,79,gnps;massbank;msdial;pluskal_ms2;riken
YKJYKKNCCRKFSL,YKJYKKNCCRKFSL,7,79,drug_plus;gnps;massbank;mona;msdial;pluskal_ms2;riken
XZTUSOXSLKTKJQ,XZTUSOXSLKTKJQ,7,78,drug_plus;gnps;massbank;mona;msdial;pluskal_ms2;riken
TWDKBDSVUUKABK,TWDKBDSVUUKABK,5,73,gnps;mona;msdial;pluskal_ms2;riken
KSQNKZMAMGACTL,KSQNKZMAMGACTL,6,72,gnps;massbank;mona;msdial;pluskal_ms2;riken
XQCGNURMLWFQJR,XQCGNURMLWFQJR,7,71,drug_plus;gnps;massbank;mona;msdial;pluskal_ms2;riken
HDOVUKNUBWVHOX,HDOVUKNUBWVHOX,8,71,drug_plus;gnps;masaryk;massbank;mona;msdial;pluskal_ms2;riken
APAJFZPFBHMFQR,APAJFZPFBHMFQR,6,70,gnps;massbank;mona;msdial;pluskal_ms2;riken
NGOLMNWQNHWEKU,RYHLQSVMWLBCJO,6,68,gnps;massbank;mona;msdial;pluskal_ms2;riken
WIONIXOBNMDJFJ,WIONIXOBNMDJFJ,5,68,gnps;mona;msdial;pluskal_ms2;riken
QYIYFLOTGYLRGG,QYIYFLOTGYLRGG,7,68,drug_plus;gnps;massbank;mona;msdial;pluskal_ms2;riken
GGXICVAJURFBLW,GGXICVAJURFBLW,8,67,drug_plus;gnps;masaryk;massbank;mona;msdial;pluskal_ms2;riken
PSGAAPLEWMOORI,WYYCRMBIYYRAEW,7,66,drug_plus;gnps;massbank;mona;msdial;pluskal_ms2;riken
FELGMEQIXOGIFQ,FELGMEQIXOGIFQ,8,66,drug_plus;gnps;masaryk;massbank;mona;msdial;pluskal_ms2;riken
FSASIHFSFGAIJM,ZPBYVFQJHWLTFB,6,66,drug_plus;gnps;massbank;mona;msdial;riken
OQIQSTLJSLGHID,OQIQSTLJSLGHID,6,65,gnps;massbank;mona;msdial;pluskal_ms2;riken
CEUORZQYGODEFX,CEUORZQYGODEFX,8,65,drug_plus;gnps;masaryk;massbank;mona;msdial;pluskal_ms2;riken
FSNCEEGOMTYXKY,FSNCEEGOMTYXKY,5,64,gnps;massbank;mona;msdial;riken
RGNXWPVNPFAADO,RGNXWPVNPFAADO,5,62,gnps;massbank;msdial;pluskal_ms2;riken
YRRAGUMVDQQZIY,YRRAGUMVDQQZIY,6,61,gnps;massbank;mona;msdial;pluskal_ms2;riken
STZYTFJPGGDRJD,STZYTFJPGGDRJD,5,59,drug_plus;gnps;mona;pluskal_ms2;riken
QPCYNIYZPDJCMB,QPCYNIYZPDJCMB,6,55,gnps;massbank;mona;msdial;pluskal_ms2;riken
CTRLABGOLIVAIY,CTRLABGOLIVAIY,8,54,drug_plus;gnps;masaryk;massbank;mona;msdial;pluskal_ms2;riken
MFWNKCLOYSRHCJ,MFWNKCLOYSRHCJ,6,53,drug_plus;gnps;massbank;mona;pluskal_ms2;riken
ZNJFBWYDHIGLCU,ZNJFBWYDHIGLCU,6,52,gnps;massbank;mona;msdial;pluskal_ms2;riken
AQCHWTWZEMGIFD,AQCHWTWZEMGIFD,6,51,drug_plus;gnps;massbank;mona;pluskal_ms2;riken
PMTMAFAPLCGXGK,RHVWQVSLVMXMBR,7,44,drug_plus;gnps;massbank;mona;msdial;pluskal_ms2;riken
KLLGGGQNRTVBSU,KLLGGGQNRTVBSU,4,43,gnps;massbank;mona;riken
JDUWHZOLEDOQSR,JDUWHZOLEDOQSR,6,40,gnps;massbank;mona;msdial;pluskal_ms2;riken
QFJCIRLUMZQUOT,DVSZTYJRXBBIFA,6,39,drug_plus;gnps;mona;msdial;pluskal_ms2;riken
CBPNZQVSJQDFBE,ZWYQUVBAZLHTHP,6,37,drug_plus;gnps;mona;msdial;pluskal_ms2;riken
UPALKCDWIDYZDP,UPALKCDWIDYZDP,5,37,gnps;mona;msdial;pluskal_ms2;riken
BBNQQADTFFCFGB,CHERCCPWQNZOOH,5,30,gnps;massbank;mona;pluskal_ms2;riken
GBOGMAARMMDZGR,GBOGMAARMMDZGR,6,28,drug_plus;gnps;mona;msdial;pluskal_ms2;riken
PZPPOCZWRGNKIR,PZPPOCZWRGNKIR,2,28,massbank;pluskal_ms2
LUZSWWYKKLTDHU,VGLABFRUPBCSOM,5,24,gnps;massbank;mona;msdial;riken
RZGFUGXQKMEMOO,RZGFUGXQKMEMOO,6,23,gnps;massbank;mona;msdial;pluskal_ms2;riken
RZJQGNCSTQAWON,RZJQGNCSTQAWON,6,22,drug_plus;gnps;massbank;mona;msdial;riken
UYRHHBXYXSYGHA,UYRHHBXYXSYGHA,5,19,gnps;mona;msdial;pluskal_ms2;riken
LVVKXRQZSRUVPY,LVVKXRQZSRUVPY,6,18,gnps;massbank;mona;msdial;pluskal_ms2;riken
KKRXDNYRUZGPFM,KKRXDNYRUZGPFM,5,18,gnps;mona;msdial;pluskal_ms2;riken
FBWWXAGANVJTLU,FBWWXAGANVJTLU,5,18,gnps;mona;msdial;pluskal_ms2;riken
HHJUWIANJFBDHT,HHJUWIANJFBDHT,6,18,drug_plus;gnps;mona;msdial;pluskal_ms2;riken
ZGLXUQQMLLIKAN,ZGLXUQQMLLIKAN,2,17,gnps;pluskal_ms2
WSQWAMGRHJQANC,WSQWAMGRHJQANC,5,15,gnps;massbank;msdial;pluskal_ms2;riken
NTBUBTCXACOEEC,NTBUBTCXACOEEC,2,14,gnps;pluskal_ms2
CJHYKSSBQRABTM,CJHYKSSBQRABTM,3,14,mona;pluskal_ms2;riken
SPJFYYJXNPEZDW,SPJFYYJXNPEZDW,4,13,massbank;mona;msdial;riken
GGJRAQULURVTAJ,GGJRAQULURVTAJ,4,13,massbank;mona;msdial;riken
WQMLFJWIKARBFW,WQMLFJWIKARBFW,3,12,mona;pluskal_ms2;riken
CGTADGCBEXYWNE,UOZZDEYFDFKHQS,2,10,gnps;pluskal_ms2
XNXXZRQPTAQILV,XNXXZRQPTAQILV,3,8,mona;pluskal_ms2;riken
YHKYFYCSTJGMID,MSUDDHFTWMZEIJ,3,7,mona;msdial;riken
XEVQXKKKAVVSMW,XEVQXKKKAVVSMW,2,6,mona;riken
QKXGRPHIBLICSC,QKXGRPHIBLICSC,3,5,mona;msdial;riken
IQHUITKNHOKGFC,IQHUITKNHOKGFC,4,5,gnps;massbank;msdial;riken
KTGFOCFYOZQVRJ,KTGFOCFYOZQVRJ,3,4,gnps;massbank;riken
LESXFEZIFXFIQR,LESXFEZIFXFIQR,3,4,gnps;massbank;riken
LLQCRTZROWMVOL,LLQCRTZROWMVOL,2,2,mona;riken
QQTZGKRXYRFKIF,QQTZGKRXYRFKIF,2,2,msdial;riken
