Rank,TeamId,TeamName,LastSubmissionDate,Score,SubmissionCount,TeamMemberUserNames
1,16898640,Ozymandias31415,"2026-09-20 00:00:57",0.396,25,ozymandias31415
2,16897131,Randy,"2026-09-20 13:20:31",0.388,10,rvndyerwin
3,16898387,"Udam Liyanage","2026-09-20 14:49:25",0.383,22,udamliyanage
4,16914220,"Alperen Aydın","2026-09-20 17:29:47",0.365,17,alperen5252525
5,16915030,DDM,"2026-09-20 01:35:38",0.363,8,gennexuslabsddm
6,16898313,zigiella-nats,"2026-09-20 15:34:29",0.358,24,zigiella
7,16896885,Amaan,"2026-09-20 08:54:20",0.358,15,rainmaker29
8,16894828,"Aryan Yadav","2026-09-20 12:44:41",0.357,21,simplexcomplex
9,16906475,m3r1al,"2026-09-18 14:48:43",0.357,8,m3r1al
10,16896384,"Aleksandr Ulianin","2026-09-20 08:42:49",0.353,30,aleksandrulianin
11,16925718,Stefano,"2026-09-20 14:58:26",0.352,9,stefanojp
12,16895042,"ITMO IS THE BEST","2026-09-19 10:59:08",0.351,5,zoli800
13,16910562,"Son Hoang","2026-09-20 12:55:44",0.350,17,sonhoang82
14,16910817,Yaojinming,"2026-09-20 15:48:59",0.350,15,yjm0905
15,16911565,kohbanye,"2026-09-18 08:03:46",0.350,3,kohbanye
16,16922222,"jacob OKOTH O","2026-09-20 13:43:16",0.349,3,jacobokotho
17,16896519,Faraz92,"2026-09-20 16:05:27",0.349,17,fafa92
18,16925212,Nipah,"2026-09-20 03:28:11",0.348,10,nipah1
19,16906222,"Bharath Varma","2026-09-20 19:22:42",0.348,21,bharath111l
20,16908709,Habibur_Rahman,"2026-09-20 20:10:14",0.347,20,habiburrahman15
21,16918163,"Jwearia Hoque Nowrin","2026-09-20 03:18:20",0.347,7,jweariahoquenowrin
22,16913741,AlexMoura2023,"2026-09-20 20:15:23",0.347,15,alexmoura2023
23,16898307,"Preechanon Chatthai","2026-09-17 16:35:17",0.347,10,saouza007
24,16906021,Camaro,"2026-09-20 17:24:50",0.347,16,bamps53
25,16909379,sanju25,"2026-09-18 21:23:52",0.346,7,"rutujamore09,sanju25"
26,16914313,RiyiVnzla,"2026-09-20 10:29:33",0.345,13,riyivnzla
27,16894221,Tony,"2026-09-19 04:03:28",0.344,23,junvalue
28,16893904,Naoism,"2026-09-20 06:39:31",0.343,16,naoism
29,16898268,"alex chilton","2026-09-20 18:18:33",0.342,28,alexchilton
30,16914701,MINGHUN,"2026-09-20 08:49:59",0.342,15,jiyuhao1213
31,16925028,VyasG1,"2026-09-19 22:03:28",0.342,5,vyasg1
32,16894004,siero,"2026-09-20 13:10:46",0.341,10,siero5335
33,16897108,PavelLiashkov,"2026-09-20 02:36:22",0.341,28,bigbag1983
34,16899167,Jimbo,"2026-09-20 16:43:22",0.341,9,jimmybrown
35,16908854,TTANE,"2026-09-18 13:32:00",0.341,5,otmaneelmahdaouy
36,16912876,"James Y","2026-09-20 04:55:48",0.341,15,redoctopusk
37,16917683,NEU,"2026-09-20 06:14:34",0.341,15,"kizhowl,ngdminh31"
38,16921842,tyz123456,"2026-09-20 04:27:23",0.340,12,tyz123456
39,16915309,Mugabros,"2026-09-20 15:26:41",0.339,15,"drrocktotpalkonwarh,monjyotid"
40,16916834,"Amha Shiferaw","2026-09-18 07:14:25",0.339,8,amhashiferaw
41,16899216,gogogo,"2026-09-20 06:00:59",0.339,15,huzech
42,16910129,parkera,"2026-09-20 06:14:05",0.339,9,parkera
43,16930484,"1% Salicylic Acid","2026-09-20 15:59:25",0.339,1,abhinavrathee
44,16897936,"Ioannis Tzachristas","2026-09-19 20:07:57",0.339,14,ioannistzachristas
45,16893795,haideptry,"2026-09-20 15:36:49",0.339,16,haideptry
46,16909013,Ibrahem-A163,"2026-09-18 01:03:54",0.339,5,ibrahema163
47,16894366,"Jeki Wan Taufik","2026-09-17 05:54:58",0.339,3,jek1wantaufik
48,16911709,ShoaibSSM,"2026-09-18 11:03:22",0.339,6,"hansikaaredla,naveenlx111249971939,shoaibssm"
49,16911705,thisArmin,"2026-09-17 06:01:34",0.339,1,thisarmin
50,16895097,"Mathurin Ache","2026-09-17 06:05:52",0.339,5,mathurinache
51,16911768,"Xiangjiang Zhou","2026-09-17 06:08:30",0.339,1,xiangjiangzhou
52,16897647,lingyu07,"2026-09-17 06:17:29",0.339,1,lingyu07
53,16908398,"ABHIRUP DAS","2026-09-20 14:56:57",0.339,15,abhirupdas10
54,16911973,"The Coder Geek Squad Leader","2026-09-17 06:40:03",0.339,1,soulemaneisissifou
55,16911050,"Robert Hessar","2026-09-20 04:23:59",0.339,14,robhess
56,16911555,"Sonu Kushwaha","2026-09-17 13:04:23",0.339,3,sonukushwaha124
57,16910453,"Zhilei Qiu","2026-09-20 18:10:33",0.339,15,amatlas
58,16903854,Fon1as,"2026-09-17 07:19:02",0.339,2,fon1as
59,16894716,"SOMSUBHRA NANDI","2026-09-17 07:19:09",0.339,3,somsubhranandi
60,16906410,suxing-star,"2026-09-17 07:23:17",0.339,5,suxingstar
61,16905041,"Md. Hamid Hosen","2026-09-20 06:03:50",0.339,8,hosen42
62,16912704,"Uchechukwu Ajuzieogu","2026-09-17 07:42:37",0.339,1,uchechukwuajuzieogu
63,16894908,"Emre Cirak","2026-09-17 16:34:18",0.339,7,biohack44
64,16912189,"Vu Tran Hoang","2026-09-17 08:00:49",0.339,1,hoangvux
65,16906881,"Hsyn Kskn","2026-09-17 08:04:27",0.339,2,hsynkskn
66,16910233,Khanh,"2026-09-18 14:07:25",0.339,5,khanhp142
67,16915522,"InChIKey Seekers","2026-09-18 13:56:47",0.339,8,"malikhammadfarooq,moazzimalibhatti,qasminumber"
68,16893667,"Charismatic Pizza Party🍕","2026-09-17 08:17:30",0.339,2,debugendless
69,16911904,"sixer srinath","2026-09-19 14:49:20",0.339,8,srinath2495
70,16899207,"Filip Strzałka","2026-09-20 15:23:46",0.339,19,snufkin77
71,16912590,"Yashdeep Vashisht","2026-09-18 15:36:10",0.339,8,yashdeepvashisht
72,16895577,"Andreas Bisiadis","2026-09-17 09:09:32",0.339,3,andreasbis
73,16912528,AbhilashVJ,"2026-09-19 15:49:25",0.339,3,abh001
74,16913021,"Malyshev Danil","2026-09-20 04:01:19",0.339,8,malyshevdanil
75,16894512,"Octavi Grau","2026-09-19 21:59:21",0.339,18,octaviograu
76,16894362,ACoder,"2026-09-17 10:22:25",0.339,6,july7p
77,16904425,xxiwosxx,"2026-09-17 16:37:20",0.339,5,xxiwosxx
78,16905706,CLJY,"2026-09-20 11:20:28",0.339,14,cljy2026
79,16908021,"No Name","2026-09-18 16:58:32",0.339,3,ivanj0
80,16911667,KaimolBUAA,"2026-09-19 09:09:05",0.339,10,kaimolbuaa
81,16925096,Kou111111,"2026-09-20 08:59:57",0.339,3,kou111111
82,16911749,"Soon woo Kwon","2026-09-20 09:00:01",0.339,8,gold0827
83,16918727,"RASHID M","2026-09-20 19:04:12",0.339,12,rashidmstar
84,16913026,DHKim0324,"2026-09-17 15:56:56",0.339,2,dhkim0324
85,16905181,"Cesare Rollo","2026-09-20 06:42:40",0.339,22,crollochaz
86,16924724,"Yousef Masad","2026-09-20 18:03:26",0.339,9,yousefmasad
87,16927661,ParthDOOM,"2026-09-20 12:15:00",0.338,2,parthdoom
88,16893853,senkin13,"2026-09-20 04:18:16",0.338,7,senkin13
89,16896649,"Ben Pepper","2026-09-20 02:43:16",0.338,30,bhpepper
90,16908552,DrFranklinH,"2026-09-20 00:05:14",0.338,21,drfranklinh
91,16894514,starkhushi,"2026-09-19 11:15:44",0.337,16,starkhushi
92,16916274,wqsh,"2026-09-20 19:20:18",0.337,18,xhhuang
93,16926370,"Максим Бортник","2026-09-19 17:11:41",0.337,2,maxim2512
94,16913804,MRaffy,"2026-09-20 01:58:13",0.337,6,mraffy
95,16909132,GrasshopperGuy,"2026-09-20 15:16:45",0.337,5,michaelascott
96,16904755,"인공저능연구소( Artificial Idiocy Lab )","2026-09-20 09:15:25",0.337,18,megayak
97,16898328,"Kiss Me, Benzene","2026-09-20 05:23:47",0.337,28,madarshbb
98,16898264,"Neko E","2026-09-20 19:45:47",0.337,4,nekoeorg
99,16906571,"MS-05 ざこ","2026-09-20 15:07:36",0.337,12,royalacecat
100,16897683,GUAM,"2026-09-19 06:43:24",0.337,16,kmmmvs
101,16922393,Bruhabcdfg,"2026-09-19 14:41:58",0.337,4,bruhabcdfg
102,16908850,mkai1981,"2026-09-17 11:37:19",0.336,3,mkai1981
103,16914307,"Orere Israel","2026-09-19 19:22:21",0.336,8,orereisrael
104,16929649,Fateyongheng,"2026-09-20 14:29:31",0.336,4,fateyongheng
105,16904490,"Alejandro Rivas Espa","2026-09-18 15:32:56",0.336,5,alrjandrorivasespa
106,16904311,"Roman Vinogradov","2026-09-20 19:07:00",0.336,6,romanvinogradov
107,16893620,yunghuncho,"2026-09-20 06:55:47",0.336,26,"psd369,yunghuncho"
108,16895632,Nikolenko_Sergei,"2026-09-20 00:09:01",0.336,14,nikolenkosergei
109,16908261,wadakz,"2026-09-19 07:55:18",0.335,13,wadakz
110,16908971,"Cyber Cypher Ninja ","2026-09-17 02:07:50",0.335,1,cybercypherninja
111,16905607,taopy2,"2026-09-17 03:05:56",0.335,4,taopy2
112,16893749,HiroyukiSasaki,"2026-09-17 10:58:46",0.335,10,hiroyukisasaki815
113,16893704,devsungyeon,"2026-09-17 05:51:33",0.335,8,devsungyeon
114,16910856,"SUBHASH B","2026-09-17 05:49:30",0.335,1,subhashb21022
115,16911362,"Prashant Kikani","2026-09-17 06:29:19",0.335,1,prashantkikani
116,16897468,prvsiyan,"2026-09-19 18:11:51",0.335,17,prvsiyan
117,16910555,"Oluwatobi Olatunji","2026-09-17 16:18:23",0.335,2,oluwatobitobeski
118,16912989,"Burhan Çalık","2026-09-20 09:42:28",0.335,12,burhanalk
119,16909200,"Li Siyuan","2026-09-19 04:24:24",0.335,2,jumpjumpsuger
120,16907220,"Álvaro García","2026-09-20 04:08:32",0.335,23,luxidor
121,16898925,"Rayan Babur","2026-09-20 14:15:54",0.335,20,rayanbabur
122,16917408,vishu_01_a,"2026-09-20 09:01:36",0.335,9,vishu01a
123,16916657,EyobAleB,"2026-09-20 03:50:25",0.335,12,eyobaleb
124,16911722,"Sr aivante","2026-09-18 04:39:06",0.335,7,sraivante
125,16897388,"Jiachen Li","2026-09-20 06:23:09",0.334,15,llccqq624
126,16912871,"Seok, Jeongeum","2026-09-20 09:45:58",0.334,10,seokjeongeum
127,16899141,"Djamila Benchikh","2026-09-20 12:28:22",0.334,10,djamilabenchikh
128,16895299,anngle,"2026-09-20 12:53:35",0.334,10,anngle
129,16917019,ZHAOGUIBIN,"2026-09-20 19:34:23",0.334,11,zhaoguibin
130,16907166,"Priyam Vyas","2026-09-20 08:04:27",0.334,15,priyamvyas
131,16908449,Vaibhav,"2026-09-18 08:13:45",0.334,11,vaibhavpatel
132,16895752,"selam ya","2026-09-20 19:56:28",0.334,13,selamya
133,16917087,akahane,"2026-09-20 10:36:29",0.333,1,shuheiakahane
134,16908843,exaucedossou,"2026-09-18 20:17:47",0.333,9,exaucdossou
135,16907371,"Shreyash Mishra","2026-09-20 19:59:41",0.333,13,shreyashautomation
136,16923349,"Bui Huynh Gia Huy","2026-09-20 13:54:03",0.333,10,buihuynhgiahuy
137,16905872,"Musab Ahmed","2026-09-19 07:16:19",0.333,2,musabyagoub
138,16915255,"sissoko cheick","2026-09-20 08:28:23",0.333,12,sissokocheick
139,16914846,"tobi joshua","2026-09-19 14:53:01",0.333,10,tobijoshua
140,16906456,"Den Pugovkin","2026-09-20 18:11:01",0.333,20,denpugovkin
141,16923469,Ma,"2026-09-19 20:20:35",0.333,4,congyingma
142,16906894,mass-hysteria,"2026-09-20 07:47:06",0.333,6,michaelsemenoff
143,16906388,"peizhen qiu","2026-09-20 15:12:17",0.333,8,peizhenqiu
144,16894803,"Md Waquar Ahmad","2026-09-18 10:39:54",0.333,6,mohdwaquarahmad
145,16897127,NP,"2026-09-19 14:59:24",0.333,17,nikolce
146,16911591,IDEA,"2026-09-20 13:48:57",0.333,19,"kerberizer,n10705013,vedrinjeliazkov"
147,16908489,"John Taylor (AI)","2026-09-20 18:05:35",0.333,14,johntaylorai
148,16922189,"Alex Li","2026-09-19 14:44:53",0.333,5,alexli1998
149,16909095,SynthReaper,"2026-09-20 20:19:10",0.333,15,synthreaper
150,16920620,"Shankha Suvro Mullick","2026-09-19 10:12:08",0.333,3,shankhasuvromullick
151,16916368,Naji,"2026-09-20 02:36:46",0.333,5,najiama
152,16907905,uninhibited-scholar,"2026-09-19 13:46:23",0.333,14,uninhibitedscholar
153,16914445,"Hiếu Hoàng Việt","2026-09-19 10:38:30",0.333,8,hiuhongvit
154,16918949,komcee,"2026-09-19 00:47:36",0.333,5,komcee
155,16893534,SC,"2026-09-18 04:34:31",0.333,2,ryosketchbook2007
156,16894219,"Guru Prasaath S","2026-09-19 17:06:39",0.333,9,guruprasaathas111
157,16897502,"Kaggle Agent","2026-09-20 19:11:02",0.332,26,jiweiliu
158,16925133,"Alex #2","2026-09-20 14:26:15",0.332,10,alexferechin
159,16906709,khursani,"2026-09-19 23:26:36",0.332,13,khursani8
160,16913689,"Mansour A. S. Ataa","2026-09-19 02:40:29",0.332,4,profmansoor
161,16893735,"Ng Juin Ron","2026-09-19 10:20:36",0.332,12,ngjuinron
162,16904595,c-number,"2026-09-20 18:25:25",0.332,13,cnumber
163,16908187,"Rashad Wattu","2026-09-20 18:46:42",0.332,13,rashadwattu
164,16915701,"Shimaa El-Zaidey","2026-09-17 18:54:13",0.332,2,shimaaelzaidey
165,16893976,Wonderwall,"2026-09-20 13:58:25",0.332,20,yuxiang328
166,16920180,"Jeff Xue","2026-09-19 07:17:25",0.332,4,jeffxue3
167,16899232,wata,"2026-09-20 06:48:31",0.331,15,iwatahiroki
168,16927507,"RJ Choco.py","2026-09-20 07:06:43",0.331,2,"andnyu,bryansouribio"
169,16914133,GakuImamura,"2026-09-17 18:14:29",0.331,5,gakuimamura
170,16906904,BobtheBot369,"2026-09-19 16:51:01",0.331,8,bobthebot369
171,16924684,"Tahsin Arafat","2026-09-20 18:25:09",0.331,7,tahsinarafat
172,16915427,"Jonathan Roy","2026-09-20 00:37:24",0.331,17,jonathanroy7
173,16911964,"Kashish Khichi","2026-09-19 13:34:22",0.331,4,kasshisshkhichi1602
174,16904512,"Sida Zuo","2026-09-18 04:42:39",0.330,3,sidazuo
175,16908750,Nathan,"2026-09-19 22:12:05",0.330,17,nathanpradostapia
176,16923636,qiuqiu,"2026-09-20 15:11:53",0.330,8,qiuqiuh
177,16912650,ll,"2026-09-20 15:08:22",0.330,19,lldois
178,16894341,"Patrick Chan","2026-09-19 13:16:39",0.330,19,drpatrickchan
179,16907528,"Hilmi Tuna Sayın","2026-09-20 15:38:34",0.330,14,hilmitunasayn
180,16916091,Abhishekpal26,"2026-09-18 17:45:44",0.330,3,abhishekpal26
181,16894378,akshuga,"2026-09-20 19:19:30",0.330,9,akshuga
182,16896002,LH-and-FPGA,"2026-09-19 21:31:26",0.330,15,lhandfpga
183,16908927,"Alexandre Valente001","2026-09-20 03:10:24",0.330,7,alexandrevalente001
184,16919452,"Alex Schouleur","2026-09-19 14:36:00",0.330,8,alexschouleur
185,16895960,"Дворкин Евгений Владимирович","2026-09-18 21:35:31",0.330,11,evgendvorkin
186,16896702,Numari,"2026-09-20 15:40:31",0.330,8,numaritaisei
187,16925313,"Asem Adnan","2026-09-20 16:55:59",0.330,4,asemadnan
188,16914417,"Diana Daher","2026-09-18 05:57:54",0.330,1,dianadaher
189,16895564,"Sayaka Kitahara","2026-09-18 11:24:06",0.330,12,sayakakitahara
190,16904850,"Sangram Patil","2026-09-17 16:54:22",0.330,7,sangrampatil5150
191,16907468,Alish-0x,"2026-09-20 12:34:57",0.330,14,alish0x
192,16912774,kakuteki,"2026-09-20 00:05:12",0.329,19,kakuteki
193,16922595,"Alessandro Pezzali","2026-09-19 20:48:07",0.329,4,alessandropezzali
194,16912907,"Andrew Ren Lin","2026-09-20 02:31:23",0.329,6,andrewrenlin
195,16916052,dvv_ram,"2026-09-20 00:53:22",0.329,8,ddvram
196,16907728,"Haowei Xu","2026-09-19 16:37:54",0.329,15,haoweixustupkueducn
197,16905560,"David Wang","2026-09-20 00:45:33",0.328,10,renew66
198,16914519,"Nguyen Trong Nghia","2026-09-20 19:06:30",0.328,8,trongnghia7171
199,16898248,"[Deleted] 2ce58dea-be3a-4150-8461-7a2a5ce19024","2026-09-19 16:22:33",0.328,9,nathaeldias
200,16913464,soul,"2026-09-17 09:06:01",0.328,1,soul80
201,16914084,"Zbida Amine","2026-09-19 11:28:44",0.328,8,zbidaamine
202,16897465,Yusuraume,"2026-09-17 13:05:45",0.328,9,sugitatomohiko
203,16909517,"Mike Anderson","2026-09-19 03:06:07",0.328,2,manderson240
204,16898683,"Felipe Ferreira","2026-09-20 01:05:48",0.328,15,felipeporcher
205,16894909,"wofi poria","2026-09-18 01:06:27",0.328,16,wofiporia
206,16913367,"Aniket Mandal","2026-09-18 00:03:07",0.328,6,aniketmandal2006
207,16915672,gmobaz,"2026-09-18 14:51:18",0.328,3,gmobaz
208,16908736,"Harun Çetin","2026-09-20 05:48:22",0.328,13,harunthe1st
209,16920365,codezzzsleep,"2026-09-19 05:57:38",0.328,4,codezzzsleep
210,16905714,"Mizero Lucky Gall","2026-09-19 12:39:19",0.328,12,mizeroluckygall
211,16923470,truegiga,"2026-09-20 15:26:19",0.328,8,truegiga
212,16899191,tamref,"2026-09-20 15:46:06",0.328,13,tamreff3290
213,16920037,"Atakan Aldemir","2026-09-20 16:31:32",0.328,3,atakanaldemir
214,16912828,Bonkoturyu,"2026-09-19 07:00:23",0.328,6,bonkoturyu
215,16897464,Leander,"2026-09-20 12:17:29",0.328,14,lenny2905
216,16912992,"khang nguyen","2026-09-20 19:45:00",0.328,2,niraitoo
217,16896393,"Pavel Pavlov","2026-09-17 11:01:42",0.328,3,akakii
218,16893754,"Quan Vu","2026-09-17 11:35:50",0.328,1,quan0095
219,16897687,"Ravi Ramakrishnan","2026-09-18 16:39:06",0.328,3,ravi20076
220,16909417,"Søren Ravn Andersen","2026-09-17 11:48:28",0.328,1,sorenravn
221,16914089,"Maram Ali","2026-09-17 12:32:46",0.328,2,msama01
222,16908849,MK7DS7,"2026-09-17 12:45:17",0.328,2,mk7ds7
223,16908821,"Pratham Jain","2026-09-19 17:17:43",0.328,3,kindasomethin
224,16897005,Janvi_ch,"2026-09-17 13:24:54",0.328,3,janvich
225,16893909,"YePing Lin","2026-09-17 13:57:16",0.328,5,linyeping
226,16914856,"THIRUPATHI KANNAN K","2026-09-20 16:44:29",0.328,7,thirupathikannank
227,16915357,JackGong,"2026-09-17 14:14:29",0.328,1,jackgong
228,16910576,"Devesh Poojary","2026-09-17 14:23:24",0.328,2,dvpoojary
229,16915770,"Joanna C.","2026-09-17 15:27:07",0.328,1,joannaciesielski
230,16894941,"U DONNO WHO","2026-09-17 16:54:31",0.328,2,"barnobarno,nahidhossainredom"
231,16894954,xsong2020,"2026-09-17 17:12:52",0.328,1,xstargate
232,16913643,"Daniyal Atta","2026-09-17 17:26:33",0.328,1,daniyalatta
233,16898484,"KUO JEN WEI","2026-09-17 18:35:08",0.328,4,kuojenwei
234,16908392,"Branden J Bryant","2026-09-19 02:26:59",0.328,3,brandenjbryant
235,16915954,"Kumar Abhijeet","2026-09-20 13:22:03",0.328,3,krabhijeet
236,16894093,GUOHAOYANG,"2026-09-17 20:35:21",0.328,6,pkuszboi
237,16908998,Revo,"2026-09-17 21:01:38",0.328,1,maikajusu
238,16893629,Matterhorn3838,"2026-09-17 22:14:53",0.328,1,matterhorn3838
239,16908950,"Ronit Agarwal","2026-09-18 02:07:45",0.328,4,ronitagarwal1
240,16917501,"Soichiro Mochizuki","2026-09-20 13:13:07",0.328,5,soichiromochizuki
241,16909533,"Elfina Karima","2026-09-18 02:24:50",0.328,1,elfinakarima
242,16903804,"Baidalin Adilzhan [dsmlkz]","2026-09-18 02:25:23",0.328,2,baidalinadilzhan
243,16914542,GeHaohua,"2026-09-18 03:44:22",0.328,3,gehaohua
244,16913960,"sunil kumar","2026-09-18 03:46:21",0.328,2,sunil123kumar
245,16894343,Shadow,"2026-09-19 08:28:10",0.328,2,chetanagrawall
246,16918101,"Cam-Luan Truong","2026-09-18 05:20:24",0.328,1,luantruong
247,16893515,today,"2026-09-20 12:49:40",0.328,3,today55
248,16918601,AADIGUPTA,"2026-09-18 06:06:47",0.328,1,aadigupta7686
249,16911995,Ilam,"2026-09-19 06:52:53",0.328,11,ilanthendralramesh
250,16894977,AbhiniveshSharma5354,"2026-09-18 07:06:25",0.328,2,abhiniveshsharma5354
251,16918869,Loren-wen,"2026-09-18 07:09:28",0.328,1,wofusituerte
252,16908799,ArtAl,"2026-09-18 07:12:28",0.328,2,vicentjborrs
253,16914177,Kalypheus,"2026-09-18 07:27:09",0.328,1,kalypheus
254,16896382,"Grzegorz Sionkowski","2026-09-18 10:41:22",0.328,4,sionek
255,16914764,"Ben van Dugteren","2026-09-18 12:40:34",0.328,3,benvandugteren
256,16898334,"Diogo R. Ferreira","2026-09-18 12:54:03",0.328,2,diogoff
257,16916328,"K.THARUN KUMAR","2026-09-18 13:24:51",0.328,3,tharunkumar369
258,16908563,HY,"2026-09-20 10:26:32",0.328,13,higayuki
259,16918523,"Victor De Jesús","2026-09-19 04:15:57",0.328,3,victordejesus2026
260,16914249,Nf4d1l,"2026-09-18 13:52:26",0.328,1,nf4d1l
261,16897277,"Raunak Dey","2026-09-20 06:10:11",0.328,3,raunakdey07
262,16921584,Diganta,"2026-09-18 16:03:00",0.328,1,digantabhattacharya
263,16921756,"Sebastian Mateus","2026-09-18 16:23:02",0.328,1,sebastianmateus
264,16921575,Ernie,"2026-09-20 20:03:04",0.328,2,ernie55ernie
265,16921957,"lin xiang sun1145","2026-09-20 06:00:45",0.328,4,linxiangsun1145
266,16897278,OverfitOracle,"2026-09-19 11:42:54",0.328,3,alisalmanrana
267,16916651,vdthcmus123,"2026-09-18 18:21:23",0.328,1,envyy23120093
268,16919091,"John Moncel","2026-09-20 09:06:56",0.328,10,johnmoncel
269,16916075,"Kamal Das","2026-09-20 15:53:24",0.328,2,kmldas
270,16921248,"Michelle Peltier","2026-09-19 01:25:59",0.328,3,michellepeltier
271,16897054,Sophie555,"2026-09-20 21:18:05",0.328,13,sophie555
272,16899077,"Arya Arun","2026-09-20 12:40:33",0.328,20,aryaarun07
273,16907980,DancingLumberjack,"2026-09-19 15:31:50",0.328,14,jamesmcgarryiv
274,16908653,"julian andres viejo garrido","2026-09-19 06:56:55",0.328,9,salmaviejo
275,16912064,"Yug Parikh","2026-09-19 02:39:08",0.328,10,yugparikh
276,16894871,Nut_RJ,"2026-09-19 08:48:28",0.328,11,rjings
277,16923355,"Rogers Johnson","2026-09-20 13:03:01",0.328,2,rogersjohnson
278,16903855,k310,"2026-09-20 19:11:07",0.328,10,rabbitpeace310
279,16907003,"Cats Funny","2026-09-19 08:33:15",0.328,6,catsfunny
280,16914465,"Sourodyuti Biswas Sanyal","2026-09-19 07:21:46",0.328,13,sourodyutibiswas
281,16893525,yuki16,"2026-09-19 08:37:35",0.328,5,yuki16
282,16915292,"Igor Zharov","2026-09-19 13:47:23",0.328,7,flexonafft
283,16925029,"Akhilesh godugu","2026-09-19 10:33:06",0.328,1,akhileshgodugu
284,16924945,"Md Arafat","2026-09-20 07:22:55",0.328,4,arafat362
285,16903609,"The Litis","2026-09-19 11:42:03",0.328,7,thelindortis
286,16922271,"Sangeet Sharma","2026-09-19 16:01:57",0.328,1,sangiits
287,16922643,"Gautier Marti","2026-09-19 16:54:24",0.328,5,gautiermarti
288,16906715,"Gaurav Vyas","2026-09-20 08:33:29",0.328,4,ctogaurav
289,16914592,"Nanjul James Bali","2026-09-20 08:32:23",0.328,4,nanjuljamesbali
290,16923781,EISLab_hwlee,"2026-09-20 01:43:45",0.328,3,leeheewon01
291,16925941,yangxiao1999,"2026-09-20 17:21:20",0.328,4,yangxiao1999
292,16896947,William,"2026-09-20 09:24:58",0.328,19,wguesdon
293,16895040,sigmaborov,"2026-09-20 10:15:01",0.328,2,sigmaborov
294,16911873,"Mark Diamond","2026-09-20 11:19:34",0.328,7,ponkle
295,16904661,Garv88,"2026-09-20 12:25:59",0.328,2,garv88
296,16910549,qiuyiran,"2026-09-20 14:21:27",0.328,1,jimeiqiuyiran
297,16914008,"Gaurav Kushwaha","2026-09-20 18:16:38",0.328,7,fridaycode
298,16929888,Chellick,"2026-09-20 16:36:42",0.328,1,matweyisupov
299,16893572,"Tony Li","2026-09-20 16:46:51",0.328,1,tonylica
300,16931632,"Vicens Gaitan","2026-09-20 17:09:04",0.328,1,vicensgaitan
301,16897121,test1,"2026-09-20 17:14:00",0.328,24,lvweibin
302,16908806,huytngo,"2026-09-20 19:38:20",0.328,10,huytngo
303,16900469,"Michael O'Flaherty","2026-09-20 13:35:57",0.328,24,michaeloflaherty
304,16921150,"Aayan Shabbir","2026-09-20 04:04:38",0.328,5,aayanshabbir
305,16898877,"Carlos Daniel","2026-09-20 01:43:55",0.328,4,carlospolanco00
306,16909525,"Victor alexandre ","2026-09-20 01:31:46",0.328,20,victor120956
307,16923656,"Alireza Ghalavand","2026-09-20 18:26:07",0.328,8,cybertechdev
308,16927957,NicholasOOO,"2026-09-20 10:12:30",0.328,5,nicholasooo
309,16928163,okok_jy,"2026-09-20 14:14:38",0.328,2,kjy666
310,16921474,Demons,"2026-09-20 09:49:28",0.328,8,"deshik05,shaikumran"
311,16897455,"Abiram Bharathi S.A","2026-09-20 09:55:34",0.328,14,abirambharathisa
312,16915946,"Alpay Abbaszade","2026-09-20 15:54:39",0.328,7,alpayabbaszade
313,16929839,"SAIF MODAN","2026-09-20 15:35:53",0.328,2,modansaif
314,16924961,"Bertan Sezgin","2026-09-20 15:12:04",0.328,6,bertansezgin
315,16931204,"Stephen Whitcomb","2026-09-20 20:32:08",0.328,2,stephenwhitcomb
316,16918490,"Araik Tamazian","2026-09-18 06:45:53",0.327,1,atamazian
317,16924423,"Jerry Park","2026-09-20 15:45:04",0.327,5,mecome
318,16908784,"yves mouaha","2026-09-19 15:30:25",0.327,6,yvesmouaha
319,16922700,"jorge fabian avila","2026-09-18 23:10:36",0.327,1,jorgefabianavila
320,16915916,"Hưng Trần","2026-09-20 01:20:38",0.326,20,hungtrabiz
321,16908348,yesterdays_rebel,"2026-09-18 06:50:33",0.326,4,irfanparaniya
322,16926070,localAI,"2026-09-20 06:19:04",0.326,5,matteo123383iend
323,16897248,"Boopathi Raja","2026-09-20 20:27:07",0.326,21,yanggod
324,16893877,"Minal kharat123","2026-09-19 17:28:26",0.326,11,minalkharat123
325,16924342,ShogxZaRd,"2026-09-20 18:30:46",0.326,2,shogxzard
326,16908772,"Cosmin Mirel Budeanu","2026-09-20 19:42:49",0.325,18,cosmicbe
327,16922760,"Rohan Jangam","2026-09-20 05:36:27",0.325,9,lostdecimal27
328,16918747,"Antoine Passemiers","2026-09-20 18:57:33",0.324,6,antoinepassemiers
329,16894334,X.X,"2026-09-17 06:46:27",0.324,5,mikeintokyo
330,16914691,"Ercan Gurvit","2026-09-19 10:49:53",0.324,5,ercangurvit
331,16922904,Excellencedev,"2026-09-20 14:16:01",0.324,6,excellencedev
332,16895439,"SHENGHUI SONG","2026-09-20 10:00:56",0.324,8,shenghuisong
333,16913716,spark328,"2026-09-17 13:13:09",0.323,5,spark328
334,16907780,"Mathieu W","2026-09-18 08:52:45",0.323,5,mathieuw
335,16913512,"Ghazaros Barseghyan","2026-09-19 16:24:50",0.323,13,ghazarosbarseghyan91
336,16926788,Engulfing,"2026-09-20 16:06:27",0.323,7,engulfing
337,16915339,AM,"2026-09-19 14:49:30",0.323,7,adammekky
338,16921746,"Ahmet Yasin Tat","2026-09-20 12:33:00",0.323,11,ahmetyasin1
339,16918921,"Shyam Shetty","2026-09-18 20:33:38",0.323,3,shyamshetty
340,16911288,"Nihal Vellaramkallingal Sulaiman","2026-09-19 12:43:21",0.323,5,vsnihal
341,16893602,"Dread Development","2026-09-20 05:25:01",0.323,28,"dreaddevelopment,seanornberg"
342,16908311,"Ranjan Mishra","2026-09-19 15:02:03",0.323,3,rjmishra
343,16909124,"Freeman Hui","2026-09-20 19:00:30",0.322,17,freemanhui
344,16893736,"Kazuhiro Masuyama","2026-09-20 00:02:43",0.322,30,kazuhiromasuyama
345,16894549,"Hongbin Gu","2026-09-20 09:42:12",0.322,11,guhongbin
346,16896989,pjmathematician,"2026-09-20 01:47:43",0.321,30,pjmathematician
347,16913981,"Ahmed Berat Özer","2026-09-18 16:06:40",0.320,5,ahmedberatozer
348,16927718,"Saim Sultan","2026-09-20 13:22:00",0.320,5,saimsultan
349,16916974,"Alejandro Lopez-Rincon","2026-09-18 16:13:55",0.319,3,alejandrolopezrincon
350,16913750,alexmart1ns,"2026-09-18 16:00:54",0.319,5,alexmart1ns
351,16898758,"Berat Erol ÇELİK","2026-09-20 16:52:53",0.319,7,beraterolelk
352,16920854,"Xulong Wei","2026-09-20 07:41:21",0.319,10,sta111
353,16910924,Fancy,"2026-09-20 13:10:42",0.317,4,fancyinkaggle
354,16894987,"oz chemicalers","2026-09-19 07:00:25",0.317,15,"notakes,shatoryzx"
355,16905596,"Maman Salto","2026-09-18 03:03:23",0.317,7,saddamaditya
356,16894249,Soham,"2026-09-19 18:12:05",0.316,24,soham308
357,16913088,"URA MODI ","2026-09-20 17:32:36",0.316,3,uramodi
358,16908726,"Rishi Upmanyu","2026-09-18 21:23:41",0.316,5,rishiu
359,16914057,"Alexandar Balevsky","2026-09-18 16:32:16",0.316,3,alexandarbalevsky
360,16897150,"Prem Gandhi","2026-09-18 18:39:39",0.314,14,gprem352
361,16915529,"SUBHASRI  S","2026-09-20 06:56:02",0.314,2,subhasri2007
362,16916756,"Benjamin Beaujard","2026-09-19 20:12:36",0.314,7,benjaminbeaujard
363,16912948,"Victor Sung","2026-09-20 20:09:59",0.314,14,noobmaster29
364,16911295,KiKi,"2026-09-20 10:04:14",0.314,3,kingkiller2164
365,16918648,PrizeHunter,"2026-09-20 01:31:41",0.314,5,sangminhong
366,16907994,destroyer@123787,"2026-09-16 18:59:27",0.313,1,destroyer123787
367,16898136,disgusted_barbie,"2026-09-20 06:53:12",0.313,19,"chinoxyz,ivanablaenovi"
368,16914333,"Kamran Heydarov","2026-09-19 01:46:09",0.313,10,kamranheydarov
369,16898584,CrazyML,"2026-09-17 05:10:52",0.312,10,sorcererbi
370,16893604,hirune924,"2026-09-20 05:49:50",0.312,10,hirune924
371,16913169,"Duong Thanh Tran","2026-09-19 00:45:31",0.312,6,duongtran1909
372,16914584,"Ghulam Mohiudin4444","2026-09-17 15:47:58",0.312,3,ghulammohiudin4444
373,16914697,"Taufiqul Islam","2026-09-20 05:58:57",0.311,7,taufiqulislam12
374,16907598,Gronk,"2026-09-18 03:11:59",0.311,1,jianyicai
375,16916827,"Evan Harvey","2026-09-20 05:10:23",0.310,16,clearsounds
376,16907876,"Elazar fuchs","2026-09-20 04:34:45",0.310,22,elazarfuchs
377,16898187,"Marco Ledda","2026-09-20 19:42:08",0.310,18,marcoledda29
378,16914794,"Anna Pakhaliuk","2026-09-20 19:43:21",0.310,3,annapakhaliuk
379,16903803,unibody,"2026-09-20 18:38:48",0.310,9,cxcxcxcx
380,16914640,Arlene,"2026-09-19 02:49:06",0.308,2,lynnsakurai
381,16927380,xennygrimmato,"2026-09-20 07:37:41",0.305,5,xennygrimmato0
382,16904348,"Lim Ba Su","2026-09-20 07:16:07",0.305,21,limbasu
383,16914124,銅メダルくれくれくれくれくれくれくれくれくれくれくれくれくれ,"2026-09-20 13:55:17",0.304,12,konbu17
384,16914659,"Deepak Mahajan","2026-09-20 06:23:20",0.304,18,xdipzz
385,16904989,infamemconculcemus,"2026-09-20 19:53:20",0.304,9,jcgweb
386,16908941,"junseok lee","2026-09-17 22:43:03",0.303,3,jaslee2
387,16909684,"Joao gabriel alves g","2026-09-18 00:03:35",0.303,7,joaogabrielalvesg
388,16931109,kirill,"2026-09-20 17:26:41",0.302,1,kirishafpv
389,16909425,guqinying,"2026-09-20 10:57:13",0.300,11,guqinying
390,16921553,"Pathik Patel","2026-09-20 18:30:53",0.300,3,pathik1511
391,16927294,MKhlystun,"2026-09-20 14:53:50",0.299,5,mkhlystun
392,16897485,Bomieee,"2026-09-20 18:09:23",0.299,7,bomieee
393,16908118,"Marc Silveira","2026-09-20 02:31:35",0.298,8,marcsilveira
394,16894576,asdf,"2026-09-20 14:15:40",0.297,22,xolotlmictlan
395,16895177,"Pardheev Krishna","2026-09-16 09:13:15",0.297,10,pardheev
396,16903900,chizuchizu,"2026-09-19 05:35:35",0.297,13,chizuchizu
397,16896341,IchikaHoshino,"2026-09-17 06:14:32",0.297,15,htunkhi
398,16916421,Lukas,"2026-09-18 11:57:55",0.297,2,lukasbuck
399,16923016,khj1222,"2026-09-20 07:58:14",0.297,2,khj1222
400,16908721,frogsilverberryleoi,"2026-09-18 06:58:37",0.297,10,frogsilverberryleoi
401,16899131,"Dimitrios Giannoulis","2026-09-17 06:52:59",0.296,9,plagiagia
402,16907046,"Menua Bedrosian","2026-09-18 14:22:29",0.296,5,menoobedrosian
403,16906707,Neko,"2026-09-20 10:38:48",0.296,10,ootake
404,16913654,ArArrr,"2026-09-18 18:05:24",0.295,8,mrbigdata
405,16908711,zoro9292,"2026-09-17 17:17:06",0.294,4,zoro9292
406,16898541,"Sōsuke Aizen","2026-09-18 21:07:51",0.294,12,"soukeaizenz,souvikdbiswas"
407,16906585,Aiden-Kwak,"2026-09-20 08:59:51",0.292,10,aidenkwak
408,16912641,"Shigeru Kondou","2026-09-17 13:43:32",0.291,2,shigerukondou
409,16910756,IceyScorpion,"2026-09-19 13:15:17",0.291,11,iceyscorpion
410,16927590,"An Dao","2026-09-20 10:37:17",0.290,5,andao94
411,16914831,"Taneti Sanjay","2026-09-17 13:13:15",0.290,1,tanetisanjay
412,16913400,"M Farrel Aditya","2026-09-18 08:12:03",0.290,7,mfarreladitya
413,16894356,"Mark Cooper","2026-09-18 09:55:04",0.290,15,markjcooper
414,16907670,"Tra Crew","2026-09-19 13:18:19",0.290,13,tracrew
415,16916382,"michael duong","2026-09-20 07:39:37",0.290,11,sellside
416,16923141,dGermen,"2026-09-20 13:10:18",0.290,5,dgermen
417,16914859,Alfonso,"2026-09-20 13:32:51",0.290,10,dynmep
418,16897463,"Abu Kayyisah Basyid","2026-09-20 14:17:28",0.289,9,abukayyisahbasyid
419,16912191,jiangninglu,"2026-09-17 14:50:46",0.288,5,jiangninglu
420,16918657,YFrite,"2026-09-20 18:20:32",0.287,3,yfrite
421,16894937,greySnow,"2026-09-20 02:37:26",0.286,9,shlomoron
422,16893609,"Ludwig Agurto Contador","2026-09-16 19:17:46",0.284,4,ludwigagurtocontador
423,16919665,"bobby kersh II","2026-09-20 10:43:05",0.283,1,bobbykershii
424,16893425,"Kita Renji","2026-09-17 04:04:15",0.280,3,champpattara
425,16910410,"Tom Petty","2026-09-20 05:53:48",0.280,14,qmot66
426,16903916,"Иван Шивалов","2026-09-16 16:23:18",0.279,5,ivan070708
427,16913816,"Sayandeep Ghosh","2026-09-18 16:11:13",0.279,1,sayandeepghosh
428,16908761,"Tirth Kanani","2026-09-19 18:31:55",0.278,6,tirth1402
429,16915981,"Roberto Capparelli","2026-09-19 10:32:09",0.278,8,robertocapparelli
430,16897204,"Jacobo Martin","2026-09-20 10:42:40",0.278,10,jacobomartin
431,16899928,"Yassine Chritt","2026-09-17 08:04:25",0.278,9,yassinechritt
432,16905615,ChrisVas123,"2026-09-16 12:45:48",0.277,1,chrisvas123
433,16893685,pikachu,"2026-09-20 16:49:38",0.277,13,jzhpfn
434,16894778,haya,"2026-09-18 06:51:25",0.276,12,yhay81
435,16908284,STIVEN020,"2026-09-18 02:27:28",0.275,6,stiven020
436,16898097,"Will Rice","2026-09-19 16:58:09",0.275,8,willrice
437,16893753,jazivxt,"2026-09-16 05:38:18",0.275,10,jazivxt
438,16913412,"Cengizhan Tümer","2026-09-18 12:43:28",0.273,5,cengizhantmer
439,16893590,seven,"2026-09-20 04:57:47",0.271,20,morikawatakeshi
440,16915692,"Bardia Bahadori","2026-09-20 20:44:54",0.271,16,bardiabahadori
441,16910884,laozc,"2026-09-20 18:12:07",0.271,8,chenzhao1028
442,16918481,Azkiradam,"2026-09-20 07:05:49",0.270,9,azkiradam
443,16908404,Codrin18,"2026-09-20 12:35:36",0.270,12,codrin18
444,16906443,"Clement Ling","2026-09-18 04:44:56",0.269,4,clementling
445,16910624,"Thái Văn Tài","2026-09-18 06:35:24",0.268,6,thivnti
446,16908383,"Abdulmujeeb Onawole","2026-09-19 04:13:48",0.268,1,catenate
447,16907911,Kudo,"2026-09-17 14:58:54",0.267,5,nguyenchicuong
448,16898708,Lupw,"2026-09-20 12:53:02",0.266,17,patrykwolny
449,16901016,Tanuki_boosting,"2026-09-18 06:39:41",0.265,8,miyamotodaiya
450,16912455,TechNerds,"2026-09-20 12:26:44",0.264,13,"ajshellby,shashankjadhav123"
451,16899251,"Nick Styles","2026-09-15 23:21:12",0.264,2,styles
452,16926120,"Akhil Kosuri","2026-09-20 15:57:54",0.263,2,akhil838
453,16914824,"Ike Vayansky","2026-09-20 20:25:36",0.263,5,ikevayansky
454,16913687,"Thomas Foutrein","2026-09-18 15:36:55",0.263,3,thomasfoutrein
455,16893495,"ISAKA Tsuyoshi","2026-09-19 01:34:16",0.262,23,isakatsuyoshi
456,16916356,"Saroj Kumar Jha","2026-09-18 08:53:55",0.262,6,sarojkumarjha
457,16913408,KARANAMMADHAVARAO,"2026-09-19 18:26:40",0.262,5,karanam12345
458,16910389,Vidraft_lab,"2026-09-17 20:06:06",0.261,3,aiopenfree
459,16896536,"Ndabenhle Ngema","2026-09-20 11:16:20",0.261,17,"ndabenhlengema,nokubongangema"
460,16914632,"jean-thomas Dauchel","2026-09-18 23:20:36",0.261,3,jeanthomasdauchel
461,16922911,"Alex Maggard","2026-09-19 22:15:16",0.260,4,alexmaggard
462,16920603,Thalles.Mota,"2026-09-20 19:49:42",0.260,10,thallesmota
463,16897113,"Hira Norm","2026-09-19 15:48:14",0.259,12,hiranorm
464,16914221,"Whisper Last","2026-09-20 15:25:51",0.258,12,whisperlast
465,16894081,"Dmitrii Gluzdov","2026-09-16 15:05:39",0.258,6,dmitriigluzdov
466,16920911,"Ertuğrul Özer","2026-09-20 00:40:11",0.257,11,ozertuu
467,16917040,Rand0m_Unkn0wn,"2026-09-18 11:48:29",0.256,5,satvikhardat
468,16908093,"Azam Hussain","2026-09-20 15:25:05",0.254,6,azamhuss
469,16922472,"Homin Park","2026-09-20 17:34:54",0.253,3,powersimmani
470,16893448,"codex rybaka","2026-09-16 09:47:47",0.252,10,yuriplot
471,16922916,"Tanay Anand","2026-09-20 08:07:34",0.250,1,tanay1608
472,16926571,Jinxmcg,"2026-09-20 16:26:49",0.250,4,jinxmcg
473,16908960,"AKASH MITTAL","2026-09-18 00:45:38",0.250,1,thecielo
474,16898739,"MISIS CR7MENTALITY","2026-09-16 20:37:06",0.250,1,alanmuldashev
475,16906346,"rock paper scissors","2026-09-16 13:19:10",0.250,1,downbythesallygarden
476,16917315,"Paul Villagra","2026-09-20 03:11:17",0.249,9,paulvillagra
477,16922745,Buse,"2026-09-20 20:02:06",0.248,5,olllli
478,16917612,ctree4113,"2026-09-20 01:46:36",0.248,4,yitree
479,16894407,"Rushank Choksi","2026-09-16 09:23:19",0.248,4,rushankchoksi
480,16915657,"Shin Nakamura","2026-09-20 12:56:35",0.246,7,sh1n1230
481,16893729,"Aderian Setiawan","2026-09-17 01:16:57",0.246,5,aderiannovito
482,16896230,"Mohammad Yaser Hussain","2026-09-19 21:36:09",0.244,5,mohammadyaserhussain
483,16898081,copasta,"2026-09-19 11:12:20",0.244,3,copasta
484,16905042,GG-bond,"2026-09-20 10:43:09",0.243,18,wyhwyh123
485,16899192,Ikeda0516,"2026-09-16 03:44:50",0.243,2,ikeda0516
486,16901591,"Dariush Afshar","2026-09-16 01:51:38",0.242,1,dariushafshar
487,16893777,"samuel tan","2026-09-19 13:00:10",0.242,5,simingtan
488,16898927,"Luke Stafford","2026-09-19 22:33:14",0.242,6,luketstafford
489,16911333,"Carlos J Oliveira","2026-09-18 23:19:02",0.241,7,carlosjoliveira
490,16911104,"Patrick Deutsch","2026-09-19 13:57:06",0.240,7,patrickdeutsch
491,16925907,FarhanAzhaan,"2026-09-20 13:47:44",0.240,3,farhanazhaan
492,16895713,"Tamerlan Omralinov","2026-09-16 15:53:38",0.239,5,tamerlanomralinov
493,16896923,DhanaLakshmiMalla,"2026-09-16 12:24:48",0.239,1,dhanalakshmimalla
494,16914822,"pedros cruise","2026-09-20 18:06:34",0.239,7,pedroscruise
495,16925627,"Kainwang Roger","2026-09-19 18:29:14",0.239,2,kainwangroger
496,16894063,Muku,"2026-09-20 16:09:45",0.238,14,ryosukesaito
497,16897357,"Rohan John Ashok","2026-09-18 00:31:55",0.237,3,rohanjohnashok
498,16930608,"Maher el Ouahabi","2026-09-20 20:39:00",0.237,1,maherelouahabi
499,16922992,"Khalifa Nabil","2026-09-19 08:59:03",0.237,3,khalifanabil
500,16909049,"Jue Wang","2026-09-20 08:49:53",0.237,3,juewang1123
501,16921467,cccyou,"2026-09-20 11:10:00",0.236,4,cccyou
502,16897087,15509,"2026-09-20 14:11:50",0.236,4,"mei2828,yubisaki"
503,16922406,Francisco,"2026-09-19 19:17:17",0.236,1,cheneblanc
504,16927637,"Frost Cerberus","2026-09-20 03:20:04",0.236,1,frostcerberus
505,16925301,"Aman Jha","2026-09-20 07:04:58",0.236,7,aman000001
506,16916217,"Musa Tur Farazi","2026-09-20 18:10:02",0.236,9,musaturfarazi
507,16931259,JIAWEILI0001,"2026-09-20 18:20:31",0.236,5,jiaweili0001
508,16897586,Holar,"2026-09-20 18:49:43",0.236,10,holar9
509,16896990,alijs,"2026-09-19 15:56:58",0.236,11,alijs1
510,16899019,"Roland Luethy","2026-09-19 23:42:49",0.235,12,rluethy
511,16913318,kinga,"2026-09-20 13:57:15",0.234,13,kinga0
512,16906217,"Masaki Shiraishi","2026-09-20 11:48:37",0.234,5,masakishiraishi
513,16917990,"Matthew Khan","2026-09-18 18:15:55",0.234,1,matthewkhan
514,16926517,arnavgoel26,"2026-09-20 19:55:43",0.233,1,arnavgoel26
515,16895579,woldy,"2026-09-20 05:21:07",0.233,21,woldywei
516,16906870,tf,"2026-09-18 13:07:04",0.233,1,tfukuhara
517,16904324,Sensee,"2026-09-20 12:23:32",0.233,4,yuuuuuuuuchu
518,16922106,"Ankit Kumar #2","2026-09-20 17:43:51",0.231,2,imankit57
519,16897063,Martyanov_ivan,"2026-09-19 17:13:15",0.230,6,martyanovivan
520,16911128,"Arturo Gutiérrez Aguilar","2026-09-18 00:56:28",0.230,2,jarturo
521,16897983,0STG0T,"2026-09-20 11:40:05",0.228,5,oostg0t
522,16896920,MJVinay,"2026-09-16 12:24:33",0.227,2,mallajayanthvinay
523,16921830,"Hoi Fu Chou","2026-09-20 18:06:26",0.226,4,"hoifuchou,wangyuchen057"
524,16915055,"sven weidenmann","2026-09-18 13:25:10",0.225,2,svenweidenmann
525,16914476,"Cõ Tuấn","2026-09-17 13:09:14",0.225,1,ctun12
526,16896398,shawncsx,"2026-09-20 03:41:14",0.224,15,shawncsx
527,16904723,sixk_tagged,"2026-09-16 11:09:47",0.224,5,tagged7
528,16924466,Kalibras,"2026-09-20 14:41:17",0.224,6,mehmetaltayunal
529,16896108,HZM,"2026-09-15 10:53:26",0.224,2,leehann
530,16924100,"Ooie Rikuto","2026-09-20 14:27:35",0.224,5,ooierikuto
531,16897230,"Affriza Wildan Fauzan","2026-09-16 02:04:01",0.221,2,affrizawildanfauzan
532,16927329,"Apoorv Saraogee","2026-09-20 11:37:09",0.221,5,apoorvsara
533,16921401,blousy,"2026-09-19 15:55:42",0.220,1,blousy
534,16917285,"Barbara Samantha Craig","2026-09-20 06:09:14",0.219,15,dakotakoi
535,16916525,"Yasuhiro Manai","2026-09-18 07:43:55",0.218,4,yasu01
536,16904659,Ni123456&,"2026-09-19 14:55:58",0.217,6,bingdongni
537,16903814,"HyeongSeok Lee_KR","2026-09-16 16:37:04",0.217,2,hyeongseokleekr
538,16897978,"Tomo Oga","2026-09-18 17:38:47",0.216,5,tomooga1
539,16914513,"Ahmad Abdou Malick Diop","2026-09-19 14:10:48",0.215,12,ahmadabdoumalickdiop
540,16908260,"Quang Tran","2026-09-18 13:56:45",0.215,2,quangtran9801
541,16913416,"Isaack Joshua","2026-09-18 08:24:23",0.214,7,isaackjoshua
542,16909527,"Rob Sartin","2026-09-20 15:49:05",0.213,5,robsartin
543,16904395,Kronki,"2026-09-17 17:11:30",0.212,7,kronki
544,16922575,"Sven Dumain","2026-09-20 17:05:40",0.212,12,darkgobelin
545,16928461,Regulus,"2026-09-20 15:39:25",0.211,2,hudsonlin
546,16931881,"Diego Cheib Hirsch","2026-09-20 20:38:07",0.210,5,diegocheibhirsch
547,16913380,马牛逼,"2026-09-20 16:02:30",0.210,4,"haoziji,isaq233,yuyanqzqdz"
548,16916481,"Satoshi Nguyen","2026-09-18 15:46:23",0.210,4,satoshinguyenai
549,16924032,"Galiveeti Poornima","2026-09-20 17:01:31",0.209,7,galiveetipoornima
550,16895747,"yuanli li","2026-09-18 08:26:23",0.209,4,yuanlili123321
551,16912305,"Neeraj Bhartiya","2026-09-17 12:18:43",0.208,3,neerajbhartiya121
552,16905864,"David Duffy 86","2026-09-17 16:01:49",0.208,8,davidduffy86
553,16894580,liuzewen123,"2026-09-20 11:50:32",0.206,5,liuzewen123
554,16893569,Juyong,"2026-09-17 08:34:36",0.205,4,kimdoong
555,16898333,"Arda Orcun","2026-09-15 18:32:48",0.205,3,ardaorcun
556,16898201,"Rahul S.","2026-09-17 09:53:12",0.205,6,rsiyanwal
557,16898489,"Manoj Mandal","2026-09-17 14:41:56",0.205,1,manojmandal
558,16895390,"Diego Luis","2026-09-15 21:27:51",0.205,5,dilu2701
559,16895313,AidenSong123,"2026-09-15 12:10:07",0.204,3,aidensong123
560,16917093,Yoyoo94,"2026-09-20 14:09:17",0.204,3,yoyoo94
561,16903914,"Priyanshu Sinha","2026-09-20 01:56:48",0.204,13,pri2si17
562,16898810,"Andreas Palmgren","2026-09-16 17:18:30",0.204,2,andreaspalmgren
563,16925713,"Kinshuk Aggarwal","2026-09-20 13:07:05",0.202,7,kinshukaggarwal
564,16906799,Thomas,"2026-09-19 12:51:44",0.201,4,tommurakami
565,16896716,"nk for work","2026-09-20 04:12:47",0.200,3,nkforwork
566,16911865,"Trần Võ Lâm Trường","2026-09-20 08:48:44",0.199,8,lamtruong1594
567,16921885,tax_free,"2026-09-19 08:53:55",0.198,5,taxfreepython
568,16907695,"Hıdır Demir","2026-09-20 19:33:45",0.198,3,hdrdmr
569,16904674,"Swayam Singh","2026-09-20 03:29:08",0.197,2,swayamsingh48
570,16917177,"Christoffer Thimsen","2026-09-20 00:45:34",0.197,3,lowasitgoes
571,16899169,Suda,"2026-09-19 15:08:46",0.197,10,chaneyma
572,16915857,Nkwabyte,"2026-09-20 19:46:05",0.197,8,nkwabyte
573,16923195,EricWang,"2026-09-19 16:22:15",0.196,2,ericwang915
574,16908639,"Joakim Eklund","2026-09-20 20:44:17",0.194,2,joakimeklund
575,16893530,Maxim,"2026-09-16 06:23:12",0.194,6,ektarr
576,16907275,Kurokawa,"2026-09-20 15:03:13",0.192,5,mkurokawa
577,16894079,"Francisco Mendez","2026-09-17 21:45:52",0.192,6,bigmantingz
578,16911262,Zero,"2026-09-20 13:40:59",0.191,5,"benjason,zhao4459"
579,16894067,ubunbun18,"2026-09-16 15:52:14",0.191,8,ubunbun18
580,16927352,casua132,"2026-09-20 07:24:28",0.189,1,casua132
581,16898237,"Vishnu vardhan 8055","2026-09-17 04:57:55",0.189,7,"kanukuganesh,vishnuvardhan8055"
582,16916214,"Nathan Jacob","2026-09-20 19:14:03",0.189,6,nathanjacob
583,16893684,"Fernando Rodrigues","2026-09-20 05:36:07",0.188,16,fernandosr85
584,16914499,Baligh,"2026-09-20 09:01:28",0.188,2,balighmehrez
585,16918364,"Saravana Rajan B","2026-09-20 05:57:18",0.187,3,saravanarajanb
586,16915768,asklepije,"2026-09-19 19:55:08",0.186,5,asklepije
587,16898306,zhuzhenghao-max,"2026-09-20 06:34:01",0.186,5,zhuzhenghaomax
588,16894405,Vu,"2026-09-15 16:24:28",0.185,2,vuxxxx
589,16894025,therppx,"2026-09-15 14:16:25",0.184,4,"kewinsantos,viniciusraupp"
590,16910486,"Samuel Oludare","2026-09-17 08:17:12",0.184,3,samueloludare
591,16895193,john,"2026-09-19 11:43:45",0.181,8,jaejohn
592,16894245,FOYSAL,"2026-09-15 17:27:12",0.180,2,foysalemonshanto
593,16903884,NITISH5236GOEL,"2026-09-19 18:23:55",0.179,6,nitish5236goel
594,16912374,"Nguyễn Lương Nam Anh","2026-09-19 03:12:59",0.179,3,nguynlngnamanh
595,16915523,"infinite improbability","2026-09-19 10:41:03",0.178,9,brentthorne
596,16896818,"SeshuRaju 🧘‍♂️","2026-09-18 16:36:38",0.177,2,seshurajup
597,16915201,"Ramon Velazquez","2026-09-20 19:39:43",0.176,3,ramonv83
598,16908349,Aegon,"2026-09-20 07:40:04",0.176,12,tukhoatran
599,16918635,"CrankyOldManKK ","2026-09-20 11:03:04",0.175,8,crankyoldmankk
600,16916774,Kizabgd123,"2026-09-19 17:47:43",0.174,12,kiza123123
601,16897484,MaciejAutuch,"2026-09-15 19:00:18",0.173,4,maciejautuch
602,16910941,"Vamshi VA7","2026-09-19 11:11:43",0.172,2,vamshiva7
603,16912427,"zaaaaaaaa Yan","2026-09-17 09:46:56",0.172,2,zaaaaaaaayan
604,16911890,"Huzaifa Sidhpurwala","2026-09-17 11:39:28",0.171,2,huzaifasidhpurwala
605,16928373,Cthulhu2255,"2026-09-20 12:12:55",0.170,5,cthulhu2255
606,16898565,"Vyacheslav Zimovsky","2026-09-19 18:40:43",0.170,6,vyacheslavzimovsky
607,16913807,"Saran Subramanian","2026-09-19 11:24:02",0.170,2,subramaniansaran
608,16923889,"Ilya Makarov","2026-09-20 19:26:53",0.168,2,imakarov
609,16912023,"syouya tobita","2026-09-17 12:26:03",0.167,1,syouyatobita
610,16923305,"Taishiro Wakamiya","2026-09-19 22:52:34",0.165,4,taishirowakamiya
611,16917278,M0h4m3d-Byte,"2026-09-20 02:48:49",0.165,11,dev3mohamed
612,16924213,yshinok,"2026-09-20 18:18:50",0.164,4,yukishinohara0114
613,16894129,kglctf,"2026-09-20 02:58:55",0.163,28,kglctf
614,16896631,"Danielle Lesin","2026-09-15 12:11:30",0.163,1,ladyfaye
615,16896992,Cyrus,"2026-09-15 12:44:49",0.163,1,jamalsaeedi
616,16896186,"Ashok Gaire","2026-09-15 12:59:56",0.163,1,ashokgaire
617,16896726,tamminhvu,"2026-09-16 03:12:10",0.163,1,tamminhvu
618,16910634,"Sadam Torres","2026-09-17 22:10:14",0.163,1,sadamtorres
619,16926109,"Gia Kvashilava","2026-09-20 10:33:49",0.162,6,giakvashilava
620,16910864,krikimaru,"2026-09-20 14:02:17",0.162,4,kentarorikimaru
621,16895185,"Krizsó Gergely","2026-09-16 11:03:37",0.160,8,lucifer19
622,16908316,dead_signals_lab,"2026-09-18 21:59:03",0.160,3,deadsignalslab
623,16925888,"Mohammed Rayanuddin","2026-09-19 18:32:54",0.160,5,rayanuddinmohammed
624,16921813,"Viraj Sanghavi007","2026-09-20 00:02:57",0.160,2,virajsanghavi007
625,16898443,"Dinesh kumar Thiyagarajan","2026-09-20 16:57:34",0.160,6,dineshkumar0705
626,16908491,"Joseph Mancinelli","2026-09-18 03:54:26",0.159,4,josephmancinelli
627,16897244,Tasmim,"2026-09-17 13:33:24",0.159,7,tasmim
628,16920246,"Hemant Kumar","2026-09-19 13:42:02",0.158,1,hemantrajputt
629,16893573,RT,"2026-09-18 12:00:31",0.158,3,zaiwubian
630,16907124,CavaradØssi,"2026-09-20 08:43:20",0.158,4,hoowoo
631,16921166,z,"2026-09-18 23:20:08",0.158,2,holybx
632,16913632,"Basma Almashari","2026-09-18 11:10:28",0.158,5,basmaalmashari
633,16905877,tomo2677,"2026-09-19 05:05:22",0.158,7,tomo1314
634,16930725,ASOP,"2026-09-20 13:27:05",0.158,1,amansahuop
635,16906838,nekoha,"2026-09-19 02:04:21",0.158,3,nekoha
636,16911641,bhu-101,"2026-09-18 12:43:07",0.157,5,bhu101
637,16911216,"Amanuel Bantidagn","2026-09-18 08:03:00",0.157,6,amanuelbantidagn
638,16898007,hongan,"2026-09-16 19:03:58",0.157,2,honganzhu
639,16913519,"Rafi Hai","2026-09-20 12:43:11",0.157,7,rafiko1
640,16909750,"Dhe Yeong","2026-09-20 02:36:23",0.156,1,dheyeong
641,16926938,"Darío Ávalos","2026-09-20 19:43:17",0.156,5,darovalos
642,16914776,"Om Neekhra","2026-09-17 13:53:20",0.156,2,omneekhra
643,16914101,holamigohello,"2026-09-18 12:14:16",0.156,5,holamigohello
644,16911249,"Ananya Malleswamy","2026-09-18 07:07:55",0.156,1,ananyamalleswamy
645,16931965,Acccu,"2026-09-20 19:44:27",0.156,1,acccdc
646,16918356,"Aman Dubal","2026-09-19 06:47:23",0.156,9,amandubal
647,16897629,Seungchan,"2026-09-15 20:46:51",0.156,4,seungchaa
648,16894092,parthenos,"2026-09-20 18:03:44",0.155,4,nihilisticneuralnet
649,16904095,KABILAN_27,"2026-09-18 06:37:21",0.155,15,kabilan27
650,16893731,PengWc,"2026-09-17 03:46:00",0.155,8,pengwc
651,16925855,jfhjfgjhfj,"2026-09-19 16:48:51",0.154,2,jigsawpuzzle
652,16912839,"Roy Zhu","2026-09-17 19:38:55",0.154,5,roy0zhu0
653,16921139,M.yaswanth999,"2026-09-19 04:51:33",0.154,5,myaswanth999
654,16896117,"Shoroogh Ahmadi","2026-09-15 11:57:39",0.153,3,shorooghahmadi
655,16893407,Hermengardo,"2026-09-16 18:08:52",0.153,2,hermengardo
656,16918755,"George Liuxxx","2026-09-20 05:46:42",0.153,2,georgeliuxxx
657,16914326,"Anish Kumar","2026-09-20 15:52:54",0.153,7,anishhkumarr28
658,16898263,DhawalModi,"2026-09-17 02:08:24",0.153,2,daveconnor
659,16914767,Parsa,"2026-09-19 17:54:08",0.153,4,parsahriri
660,16909144,HongYongGi,"2026-09-17 04:55:00",0.152,1,hongyonggi
661,16921360,"Pratyush Rao","2026-09-18 18:56:33",0.152,3,pratyushrao
662,16924291,kif,"2026-09-19 12:36:38",0.152,1,echigobran
663,16917731,PUPAPU,"2026-09-20 09:58:53",0.152,15,pupapu
664,16912405,鍵山勇太,"2026-09-17 07:48:32",0.152,1,kagiyama0730
665,16906768,Vaibhav_486,"2026-09-17 20:03:45",0.152,3,vaibhav486
666,16910449,"Anamika Singh","2026-09-19 20:06:16",0.152,3,anamikasing12
667,16917363,"Annafi Islam","2026-09-19 04:46:15",0.152,3,annafiislam
668,16918940,"Christian Cadiou","2026-09-19 07:30:16",0.152,7,christiancadiou
669,16913653,batman_labs,"2026-09-20 06:13:54",0.152,3,aagneye
670,16893702,"Hiểu Vy","2026-09-15 09:19:47",0.151,1,thangnm1
671,16910344,TngMai20042005,"2026-09-17 05:28:07",0.151,2,tngmai20042005
672,16925365,kito_pl,"2026-09-20 02:41:24",0.151,4,kitopl
673,16894453,"Bong Tran","2026-09-15 15:50:36",0.151,3,vdmttt
674,16894777,kdpawar,"2026-09-16 11:58:19",0.151,1,kdpawar
675,16914439,"Daniil Domnin","2026-09-17 21:10:52",0.150,5,domnindaniil
676,16930566,"Jven Deepak","2026-09-20 15:51:42",0.150,1,jvendeepak
677,16912790,aryan_soni1,"2026-09-17 19:46:09",0.150,2,aryansoni1
678,16911099,"Vaishnavi Kodamala","2026-09-18 03:32:59",0.150,6,vaishnavikodamala
679,16893748,honjousetuna,"2026-09-15 06:40:37",0.149,5,honjousetuna
680,16893456,Lonnie,"2026-09-15 03:01:15",0.149,1,lonnieqin
681,16911669,"Woongjae Jung","2026-09-17 15:16:21",0.149,3,woongjaejung
682,16899010,Kelp1k,"2026-09-15 22:34:29",0.149,1,doktorkelp
683,16895431,Zelzy,"2026-09-16 17:28:21",0.149,1,zelza0
684,16908281,Akeem__Bakar,"2026-09-17 04:06:10",0.148,4,akeembakar
685,16916006,"Chandan Dasgupta","2026-09-20 11:28:36",0.148,1,chandandasgupta
686,16896868,Rainfun,"2026-09-16 02:51:05",0.148,3,afterrain42
687,16916156,"leon ford","2026-09-20 15:32:12",0.147,5,leonford
688,16903635,Huskkky,"2026-09-18 01:03:53",0.147,6,huskkky
689,16911945,Da-P,"2026-09-20 01:20:36",0.147,3,mazusakit
690,16911983,Luoeran,"2026-09-20 00:32:00",0.147,5,luoeran
691,16893680,"Clark Kitchen","2026-09-15 18:22:54",0.147,4,clarkkitchen
692,16925908,"Bektur Bekboev","2026-09-19 19:36:10",0.146,2,bekturbekboev
693,16894326,"Chaitanya Jamble","2026-09-15 06:25:31",0.146,3,chaitanyajamble
694,16908833,"Clyde Villacrusis","2026-09-17 03:04:44",0.146,1,clydevillacrusis
695,16927818,"Syntropy Digital","2026-09-20 15:31:00",0.146,1,syntropydigital
696,16913358,"Dinesh Naveen Kumar Samudrala","2026-09-20 15:50:21",0.146,10,dnkumars
697,16911932,"Rain Chew","2026-09-20 08:14:26",0.146,2,rainchewls
698,16894141,dongfangdaguo,"2026-09-16 03:10:58",0.145,2,dongfangdaguo
699,16911077,"Abhilash S Hathwar","2026-09-20 16:42:04",0.145,5,abhilash437
700,16917744,"Juliano Batistim","2026-09-20 21:06:15",0.145,2,julianobatistim
701,16917434,"Paul Abrams","2026-09-20 20:42:55",0.145,5,paulabrams
702,16926276,"Grun Beld","2026-09-20 13:07:11",0.145,4,grunbeld
703,16917878,"Maahira Begum","2026-09-20 13:17:56",0.145,7,maahirabegum
704,16916742,林聖諺,"2026-09-18 16:06:10",0.144,3,abcd805580
705,16908665,"Ari Nakos","2026-09-18 15:15:35",0.144,1,aristides
706,16915244,"Teja Potu","2026-09-20 21:05:38",0.144,1,tejpotu
707,16921044,"vinob chander","2026-09-19 10:54:05",0.143,3,vinobchander
708,16897423,"Roman Rozen","2026-09-15 15:26:20",0.143,2,romanrozen
709,16897645,"MD. Nazmus Sakib Anik","2026-09-19 17:03:41",0.143,1,beyondlogic
710,16912701,"Bernard Okoth","2026-09-20 08:06:39",0.143,20,okothb
711,16914381,"Azumah Joshua","2026-09-17 19:15:48",0.143,1,azumahjoshua
712,16898200,renji_starfall,"2026-09-17 17:48:10",0.143,3,degnonguidi
713,16895243,"Ilakk manoharan","2026-09-17 07:33:26",0.143,7,ilakkmanoharan
714,16893497,really?,"2026-09-17 15:30:07",0.142,1,udaken10
715,16918140,susannajoseph,"2026-09-20 02:20:34",0.142,1,susannajoseph
716,16913477,"Allen Peter","2026-09-17 20:55:49",0.142,3,allen141
717,16906432,solo,"2026-09-16 17:02:18",0.142,1,eminkh
718,16911313,"Ominde Jeff","2026-09-19 11:59:43",0.142,13,omindejeff
719,16922126,PUN,"2026-09-20 21:14:43",0.142,5,pshikk
720,16897316,"Misha Shikhov","2026-09-15 14:37:39",0.142,2,mishashikhov
721,16904435,"kitory Yeah やきとり","2026-09-20 08:04:05",0.141,6,kitoryyeah
722,16897237,"Semih Ovaz","2026-09-16 01:25:50",0.141,7,semihovaz
723,16909997,"zhou zhou","2026-09-17 02:55:24",0.141,1,zhou0304
724,16898809,AdamBelniak,"2026-09-16 21:25:12",0.141,3,adamos581
725,16923308,"Ahmet Abdullah Gültekin","2026-09-19 08:19:37",0.141,3,abdullahgultekin
726,16921690,H1Y,"2026-09-20 07:28:06",0.141,5,honeyjr
727,16893939,"kislate kis","2026-09-15 08:03:08",0.141,1,kislatekis
728,16910898,"Optimistic ツ","2026-09-17 08:09:12",0.141,2,optimistico010
729,16913178,"Bijay Prusty","2026-09-17 11:00:04",0.141,5,bijayprusty
730,16927154,CarterMcClellan,"2026-09-19 21:54:56",0.141,1,cartermcclellan
731,16916116,rahulsoni,"2026-09-20 04:59:45",0.141,6,rahulsoni10496
732,16895009,"Avik Das","2026-09-16 09:09:24",0.140,4,avikdas567
733,16925596,"Emre Bayram","2026-09-20 17:00:43",0.140,1,emrebayram
734,16894712,yeao奈、wohe^,"2026-09-17 00:51:23",0.140,3,"lsh666888,yeaowohe"
735,16908675,"Lucas De Jesus cândido","2026-09-20 04:54:06",0.140,8,lucasdejesuscndido
736,16908300,"joshi malav","2026-09-17 10:37:59",0.140,2,joshimalav
737,16919371,"Emanuele Polizzotto","2026-09-18 14:29:19",0.140,1,emanuelepolizzotto
738,16930917,viecon,"2026-09-20 18:11:12",0.140,2,viecon
739,16914118,__Siddhqefarth_gupta____,"2026-09-20 13:24:33",0.139,13,siddhqefarthgupta
740,16907823,"Jingqi Liu","2026-09-19 05:15:27",0.139,2,liujingqi
741,16912507,"Subham Sarkar 0808","2026-09-17 14:41:05",0.139,1,subhamsarkar0808
742,16909827,"MP Gamimg","2026-09-18 01:12:28",0.138,2,okadahiroshi
743,16897425,"Cailum Stienstra","2026-09-16 21:12:59",0.138,2,cailumstienstra
744,16903042,508shuto,"2026-09-16 08:16:43",0.138,1,goyashuto
745,16923285,wander6,"2026-09-19 05:17:06",0.138,4,wander6
746,16915236,"Aman Vishwakarma","2026-09-17 18:15:02",0.138,1,amanvishwakarma01
747,16910985,"Muhammad RIZWAN","2026-09-18 04:39:33",0.137,4,mrsarrizwan
748,16924535,kinowwww,"2026-09-20 09:56:46",0.137,2,kinowwww
749,16909938,ممدوح,"2026-09-20 13:43:10",0.137,7,mamdouhbarkat
0,16857189,simple_benchmark,"2026-09-08 23:47:33",0.137,1,
750,16893829,"Zairi Amine","2026-09-15 04:05:07",0.137,4,zairiamine
751,16907242,"Labh Khatke","2026-09-17 16:08:01",0.137,8,labhkhatke
752,16923097,Philippe,"2026-09-19 05:24:28",0.137,3,phil2020
753,16913166,Gravity-x73d,"2026-09-18 15:41:30",0.135,1,gravityx73d
754,16913907,Abianbaba,"2026-09-17 14:26:05",0.135,1,abianbaba
755,16919823,"Darren Amadeus Martin","2026-09-18 11:01:17",0.135,1,darrenamadeusmartin
756,16904940,epigene,"2026-09-20 12:56:49",0.135,2,nadhu59648
757,16917692,"YULIN PENG","2026-09-17 05:53:52",0.135,3,"wuaiwai6662,yulinpeng121"
758,16916668,"very fuzzy logic ","2026-09-18 04:55:32",0.135,1,fuzzylogic
759,16914420,"Phan Thanh Trung","2026-09-19 17:39:34",0.135,4,primeexcalibur
760,16916269,"harsh raj","2026-09-18 07:28:46",0.134,1,harshraj2789
761,16911252,oct_path,"2026-09-18 20:26:59",0.134,3,octpath0302
762,16918516,"sandeep talluri 007","2026-09-19 06:58:13",0.134,5,sandeeptalluri007
763,16910428,"Parth Maniar","2026-09-17 18:49:52",0.134,3,theteacoder
764,16916551,"Ishank Gupta","2026-09-17 19:00:30",0.134,2,ishankgpt02
765,16894285,POLYTECH,"2026-09-17 18:12:38",0.133,2,"madjidd,mouhamadoumsouvare"
766,16925294,Kabir_Verma01,"2026-09-20 07:06:19",0.133,1,kabirverma01
767,16899306,"Josue Argaña","2026-09-20 20:31:43",0.133,10,josueargaa
768,16905021,"Helmi Misbahuddin","2026-09-18 06:31:44",0.133,1,helmimisbahuddin
769,16893785,LoveFishO,"2026-09-18 04:51:03",0.133,5,mingshenlovefish
770,16916607,DurgaPrasadManukonDa,"2026-09-20 07:52:19",0.132,2,mdp0999
771,16899245,"Pilkwang Kim","2026-09-17 20:57:47",0.132,3,pilkwang
772,16911880,"Fateme Nazary Abrbekoh","2026-09-19 23:11:38",0.132,4,fatemenazaryabrbekoh
773,16914901,Shash,"2026-09-17 14:59:33",0.132,2,shashcoder
774,16909655,Enzo_03,"2026-09-19 03:15:28",0.132,6,enzo03
775,16926323,"Salvatore Angelo Conza","2026-09-20 16:46:45",0.132,4,salvatoreangeloconza
776,16922184,"luis minier","2026-09-18 19:50:31",0.131,2,luisminier
777,16908592,"Tussar Sarkar","2026-09-18 20:57:02",0.131,1,tussarsarkar
778,16915926,Vincent1960,"2026-09-20 16:35:33",0.131,18,vincent1960
779,16916339,"Benjamin Nigjeh","2026-09-19 05:13:46",0.131,4,benjaminnigjeh
780,16908396,"Hugo Martínez Estévez","2026-09-17 15:10:49",0.130,5,hugomartinezhme
781,16919019,zimingttkx,"2026-09-18 08:17:12",0.130,1,zimingttkx
782,16928146,"Asad Shar","2026-09-20 11:56:52",0.130,3,asadshar
783,16912967,"TEJS Parmar","2026-09-17 10:09:55",0.128,5,tejsparmar
784,16929629,nomechka,"2026-09-20 10:16:58",0.128,3,nomechka
785,16923215,"Kruskal Mashiro","2026-09-19 13:32:48",0.127,2,kruskalm996541
786,16896009,"Raiyana Rufaida","2026-09-20 10:12:01",0.127,2,shes1r
787,16919868,"ISAAC B EMMANUEL","2026-09-19 04:18:34",0.127,1,isaacbemmanuel
788,16921413,YuXiangPeng,"2026-09-20 08:13:24",0.127,3,yuxiangpen
789,16914074,"murali dhar 5613","2026-09-18 03:14:44",0.127,1,muralidhar5613
790,16925700,automatylicza,"2026-09-20 00:01:31",0.126,6,automatylicza
791,16922935,"Johan BONILLA MENDIETA","2026-09-19 03:36:31",0.126,1,johanbonillamendieta
792,16920841,"Ye Naing","2026-09-18 14:46:23",0.126,3,yenaing
793,16908594,"Dan Hart AI","2026-09-20 01:03:29",0.125,5,danhartai
794,16919760,"serhan eker","2026-09-18 21:18:09",0.125,4,serhaneker
795,16916491,"Zyad Mohamed","2026-09-20 07:08:26",0.125,4,zyadmohamed65
796,16905813,TowerDes,"2026-09-16 13:13:58",0.125,1,towerdes
797,16922568,"abhishek thakur","2026-09-20 03:04:53",0.125,2,abcode80
798,16909520,"Ashfakur Rahman","2026-09-17 04:53:07",0.124,1,ashfakurrahman
799,16916413,Rubén,"2026-09-17 23:00:29",0.124,2,rucamaba
800,16894053,Orion,"2026-09-16 00:57:18",0.123,1,fastthanh78
801,16916443,amolwani2,"2026-09-18 15:46:32",0.123,2,amolwani2
802,16910138,Raju067,"2026-09-17 04:14:46",0.123,1,raju067
803,16898027,"Santiago Maniches","2026-09-15 22:42:03",0.122,2,santmani
804,16907303,"Peter Warren","2026-09-17 19:44:47",0.122,4,peterwarren
805,16917068,Aman_Jha1234,"2026-09-17 21:35:18",0.121,2,amanjha1234
806,16908534,fabio5050,"2026-09-18 04:44:15",0.121,1,fabio5050
807,16922821,AnRyisReal,"2026-09-19 21:21:38",0.121,1,anryisreal
808,16916229,milos,"2026-09-19 13:37:57",0.120,3,milosg
809,16895526,cclim,"2026-09-20 03:58:46",0.120,5,jamesl8
810,16897815,"Maksim Zhdanov","2026-09-17 05:36:46",0.119,5,alyrine
811,16911448,Qamar048,"2026-09-20 19:20:27",0.119,2,qamar048
812,16909584,"Mun-Kyu Kim","2026-09-20 07:10:25",0.117,10,munkyukim
813,16904365,"RAJVEER KHARADEPATIL","2026-09-16 06:08:12",0.116,1,rajveerkharadepatil
814,16916592,"Abhishek Jain","2026-09-19 10:51:37",0.116,2,vardhmanandorid2015
815,16931952,"Hirokazu Kuwabara","2026-09-20 19:56:46",0.115,2,hirokazukuwabara
816,16904914,xuchentao,"2026-09-18 04:08:30",0.114,2,xuchentao
817,16911401,Vulum,"2026-09-19 14:38:47",0.113,2,cvulum
818,16898242,"LAHOUCINE BOUSMENE","2026-09-16 21:00:19",0.113,6,fadmadahouz
819,16929503,"walusimbi Isiah","2026-09-20 19:01:32",0.113,3,walusimbiisiah
820,16910328,"36-Lê Đức Lương","2026-09-17 07:42:55",0.112,1,okeydokey0805
821,16927709,JY,"2026-09-20 11:15:21",0.111,3,junyihjy
822,16910154,"Zach G. ","2026-09-19 22:28:44",0.111,1,zachg247
823,16925698,"David Weaver","2026-09-20 12:07:27",0.111,1,david1958
824,16895453,"Alexey Kuznetsov","2026-09-20 00:55:42",0.110,16,legtarrr
825,16895482,"(ノ◡ <)","2026-09-15 13:52:09",0.108,3,nawfeelrahman1124444
826,16916398,"Utku Orçun Gezici","2026-09-20 20:34:31",0.107,6,utkuorcun
827,16913405,"Andreas Leonardo","2026-09-17 09:33:19",0.106,1,andreasleonardo
828,16925295,100rabh,"2026-09-20 11:22:24",0.106,1,saurabhkumar234
829,16915111,XiaomengXuNJU,"2026-09-17 20:25:54",0.105,2,xiaomengxunju
830,16908014,zhangxiangyu12138,"2026-09-18 12:46:59",0.103,3,zhangxiangyu12138
831,16914191,"Maneek Mohan","2026-09-19 14:43:52",0.103,2,maneekmohan
832,16913406,"Tiger Wang","2026-09-18 14:02:47",0.102,3,hecool108
833,16919584,"Phan Anh Nguyen","2026-09-19 13:07:34",0.100,1,phananhzebra
834,16914745,"AsRama ","2026-09-20 13:00:37",0.099,15,asrama
835,16894171,a14iiiii,"2026-09-16 00:13:28",0.099,4,a14iiiii
836,16917009,Neelgreev,"2026-09-19 23:50:02",0.097,1,neelgreev
837,16909137,stunningvn,"2026-09-17 04:20:35",0.097,5,dedquoc
838,16924622,"mayuresh vinod  wadile","2026-09-20 11:37:48",0.096,2,mayureshvinodwadile
839,16913808,"A good inductive bias is all you need","2026-09-17 21:49:16",0.096,1,habibbayo93
840,16896181,GlaV1,"2026-09-16 11:01:19",0.095,1,"asircanaslan,babayaga123412,grkemmutlu,oruc74,sadkcanelik"
841,16921989,"Frenio Redeker","2026-09-18 20:39:12",0.095,1,frenio
842,16915914,"Ranjith Ch","2026-09-19 14:51:44",0.095,3,ranjithch
843,16894409,"Darshan Makwana","2026-09-15 15:12:41",0.095,1,ellipticaloranges
844,16909989,"mohd sadik","2026-09-20 06:53:26",0.094,12,mohammad51
845,16920823,"Sabreen Elkamash","2026-09-20 13:54:34",0.091,7,sabreenelkamash
846,16914258,"Meet Mendapara","2026-09-17 14:12:13",0.091,1,mendaparameet
847,16908046,"Vincent Dekeyser","2026-09-17 19:18:07",0.090,5,vincentdekeyser
848,16895336,ALkkGame,"2026-09-20 07:50:30",0.090,2,alkkgame
849,16923345,"Aiswarya N M","2026-09-19 04:29:04",0.090,1,aiswaryanm
850,16921967,"Krishna Adhikary","2026-09-18 18:49:00",0.089,2,krishnaadhikary
851,16921337,"GHYasiru Sanjaya","2026-09-20 15:02:31",0.089,1,ghyasirusanjaya
852,16915545,"cheikh kandji","2026-09-20 20:05:46",0.089,5,cheikhkandji
853,16925215,"Marcin Wojciechowski","2026-09-20 16:11:16",0.089,2,marcinwojciechowski
854,16929937,"Panagiotis Toloudis","2026-09-20 18:44:32",0.088,1,panagiotistoloudis
855,16906919,HellFire57,"2026-09-17 12:04:47",0.088,1,hellfire57
856,16903961,"Menelik Zafir","2026-09-16 13:52:05",0.087,3,monibeefudgekins
857,16913049,Ciportne,"2026-09-20 17:34:43",0.087,5,ciportne
858,16913735,"Nukala Devi Sai Ganesh","2026-09-20 21:01:12",0.087,1,nukaladevisaiganesh
859,16915785,"Roni Mia","2026-09-18 15:26:18",0.086,4,ronymia67
860,16917144,"Ahmed Hesham","2026-09-20 18:36:09",0.086,11,ahmedhesham1000
861,16899434,"Mohamed Amine Dhuibi","2026-09-16 19:01:21",0.086,1,mohamedamine12
862,16904056,jerryeni,"2026-09-19 23:30:07",0.085,2,jerryeni
863,16915859,"Gaurab Baral","2026-09-17 15:56:17",0.083,1,itzgauurab
864,16926756,"Gloria Mbilinyi (Pretty glory)","2026-09-20 08:27:30",0.083,1,prettyglory
865,16922257,"HARDAC INDUSTRIES LLC","2026-09-20 15:19:36",0.082,4,hardacindustriesllc
866,16893929,"Sachit Bansal","2026-09-19 11:46:42",0.080,5,sachitbansal2006
867,16920721,"Running Bots Lichess","2026-09-20 15:58:20",0.080,5,runningbotslichess
868,16912085,"Prakash Shah","2026-09-17 16:10:39",0.079,3,prakashshah1
869,16916337," Ashir Rabbani","2026-09-19 20:25:06",0.078,10,ashirrabbani
870,16926202,"Mohammed Afreed Pasha","2026-09-20 20:32:09",0.078,5,mohammedafreedpasha
871,16908968,"Farah Mohamed Ahmed","2026-09-19 23:01:53",0.078,4,farahmohamedahmed
872,16917038,"ETTouhari khaled","2026-09-18 22:39:46",0.078,3,touharikhaled
873,16927366,Baimakanov,"2026-09-20 09:13:00",0.076,5,baimakanov
874,16919370,Natsume,"2026-09-20 13:02:49",0.074,3,minatoyukinaxlisa
875,16916078,LIH.YUN,"2026-09-19 10:12:06",0.074,1,"fxlcee,remusswift"
876,16895004,"Batuhan Özdemir","2026-09-16 12:18:48",0.070,4,iamnotindangerskyler
877,16915042,madcap,"2026-09-17 20:46:12",0.070,2,madcap
878,16919208,Thomson_Descendants,"2026-09-19 17:01:23",0.069,2,"mohanthippireddy,pavan9938"
879,16896101,あなまか,"2026-09-18 15:06:53",0.067,1,arakish
880,16906067,"Jahid Hasan","2026-09-17 15:11:28",0.066,1,jahidhsn
881,16907529,Flilax,"2026-09-16 18:52:56",0.065,1,xflilax
882,16926537,"Otis Hunt","2026-09-19 19:54:01",0.063,1,otishunt
883,16909171,AxiomAI,"2026-09-17 01:42:35",0.062,1,greenflazh
884,16924969,lveshi,"2026-09-20 14:25:04",0.062,4,lveshi
885,16915601,"Nguyễn Văn Vượng","2026-09-20 12:33:04",0.062,5,kindoos
886,16921250,"David Adekanmi","2026-09-19 18:17:46",0.057,1,davidadekanmi
887,16917021,"Junior DOSSA","2026-09-17 23:04:55",0.057,5,juniordossa
888,16897182,oftenpoppo,"2026-09-20 03:45:23",0.055,2,oftenpoppo
889,16914342,"Post Spinel","2026-09-17 18:36:47",0.055,2,postspinel
890,16912206,Hope,"2026-09-20 14:07:36",0.053,18,hendraleonar
891,16896377,"Denis Foripost","2026-09-19 04:00:12",0.053,2,denisforipost
892,16909111,"Partridge Zackariah","2026-09-20 03:50:08",0.052,16,partridgezackariah
893,16908483,"ML Learner26","2026-09-18 09:10:17",0.050,2,mllearner26
894,16915139,Hun731r,"2026-09-19 11:15:33",0.049,2,hun731rkooki
895,16918130,"Abhinav Kumar","2026-09-20 16:01:35",0.049,1,abhinavkumar93
896,16925724,"Mustafa Soomro","2026-09-19 14:40:36",0.047,2,mustafasoomr0q
897,16908231,"Shivangi Pandey","2026-09-19 16:03:26",0.046,7,shivi2114
898,16925721,ListenJ,"2026-09-20 17:12:37",0.045,2,listenj
899,16917836,kaluadecode,"2026-09-20 16:14:03",0.042,1,daylighth
900,16909152,"Aiman Al-Shalfi","2026-09-20 19:12:39",0.040,3,aimanalshalfi
901,16913835,"Jaurel Tabou","2026-09-17 13:43:05",0.039,1,jaureltabou
902,16917186,"Sumara latif ","2026-09-20 03:35:51",0.039,16,sumaralatif
903,16922519,"Shair Khan","2026-09-20 09:50:26",0.038,1,datascikhan
904,16913710,"Lợi Trần Bảo","2026-09-17 16:26:37",0.033,1,litrnbo
905,16922024,Fysna,"2026-09-19 13:08:00",0.025,4,feminew
906,16910388,"Venkatesh A","2026-09-20 10:43:34",0.022,1,venki7975
907,16912277,"Badboy Danger","2026-09-18 19:59:50",0.020,2,badboydanger
908,16911903,"Malik Anwar Zia","2026-09-19 20:53:09",0.020,15,malikanwarzia
909,16908713,Sahil00001,"2026-09-16 23:13:44",0.019,1,sahil00001
910,16908738,"José Veraldo (José Neto)","2026-09-17 02:02:27",0.008,4,josveraldojosneto
911,16913615,ahmedn,"2026-09-18 11:16:58",0.003,1,ahmedn1989
912,16913714,muyouqian4,"2026-09-20 00:27:51",0.003,1,muyouqian4
913,16912208,"MD. Meraz Hossain","2026-09-18 17:19:53",0.002,1,near0009348845
914,16921892,ML_Learner,"2026-09-20 08:55:00",0.001,1,somparnamukhopadhyay
915,16909543,"Rishav Yadav","2026-09-20 13:40:18",0.000,2,rishavae
916,16856728,inversion,"2026-09-14 20:18:29",0.000,2,inversion
917,16894811,ali_abidi_2357,"2026-09-15 06:53:04",0.000,1,aliabidi2357
918,16894849,"navazsh fathi","2026-09-15 16:45:24",0.000,3,navazshfathi
919,16897057,jontix,"2026-09-17 11:21:35",0.000,3,jontix
920,16906016,"George Megre","2026-09-16 17:00:13",0.000,5,georgemegre
921,16906924,"Sanjok Thapa","2026-09-16 18:01:02",0.000,5,sanjokthapa909
922,16908072,"DIBYA RANJAN GHADEI","2026-09-17 22:07:00",0.000,4,dibyaranjanghadei
923,16909526,Vishwa,"2026-09-17 02:20:42",0.000,1,vtechcoder
924,16910839,"Kostas Tsolis","2026-09-17 06:03:28",0.000,1,tkostas
925,16908413,Chabira,"2026-09-18 08:42:10",0.000,10,abderrraouf
926,16912824,flashthunder,"2026-09-17 07:55:10",0.000,1,thunderflash
927,16912849,_gpa_JvV_,"2026-09-17 08:29:34",0.000,1,gpabna
928,16913160,"Abdulwahab Miftaudeen Ogirima","2026-09-17 10:05:55",0.000,5,mifzal01
929,16912385,"Tyree Jones393","2026-09-18 00:15:21",0.000,7,tyreejones393
930,16909932,LokYS_AI,"2026-09-17 09:40:13",0.000,1,lokysai
931,16912541,"Subrato Dutta","2026-09-20 05:26:26",0.000,9,subratodutta05
932,16913914,Kajo,"2026-09-17 10:55:41",0.000,2,kajarnaklokossou
933,16914804,Anushahs2026,"2026-09-17 15:42:38",0.000,2,anushahs2026
934,16915001,"Abinash Chaudhary1","2026-09-17 14:22:03",0.000,1,abinashchaudhary1
935,16909139,"Carolina Gomes de Souza","2026-09-17 14:58:41",0.000,1,carolinagomesdesouza
936,16915688,"Manahil Noor","2026-09-17 17:49:46",0.000,5,manahilnoor189
937,16916480,OMN1V3R53,"2026-09-18 18:55:09",0.000,2,omn1v3r53
938,16909523,BrijeshKumarSingh,"2026-09-17 20:13:16",0.000,2,willbrij
939,16911805,"Dr.Eldirdiri Fadol ","2026-09-17 21:04:48",0.000,1,dreldirdirifadol
940,16910569,zyc777689,"2026-09-18 06:22:08",0.000,2,zyc777689
941,16914718,"Snehal bellamkonda","2026-09-20 09:16:28",0.000,6,snehalbellamkonda
942,16909544,"Table Feng","2026-09-18 07:27:13",0.000,1,tablefeng
943,16910479,"张 清泉","2026-09-20 10:40:00",0.000,3,zhuoshuiai
944,16916143,"Carlos Jaime","2026-09-19 12:29:23",0.000,4,cjaime708
945,16914259,"Aung Khaing Htun","2026-09-19 01:28:20",0.000,5,aungkhainghtun
946,16918426,"Pavan Krishna.N","2026-09-18 09:27:07",0.000,1,pavankrishnan
947,16914061,adoroado,"2026-09-18 10:49:05",0.000,4,adoroado
948,16915166,"Harmeet Kaur","2026-09-18 12:11:00",0.000,1,harmeetkaur24
949,16921384,"Thurshwin C","2026-09-20 05:46:31",0.000,8,thurshwinc
950,16913504,"Amr Khalid Mohammed Ahmed","2026-09-18 16:41:03",0.000,2,amrkhalid124
951,16917892,"Erdem Esa","2026-09-20 09:30:37",0.000,6,erdemesa
952,16915874,turing-abe,"2026-09-19 00:33:14",0.000,1,turingabe
953,16920652,"xie daoyun","2026-09-20 12:55:33",0.000,2,xiedaoyun
954,16908125,"Toushif Ansari","2026-09-19 07:25:48",0.000,1,toushifansari
955,16924270,"DataPurifier Office","2026-09-19 14:32:23",0.000,3,datapurifieroffice
956,16911499,"Sainath Maynale","2026-09-19 15:59:11",0.000,1,sainathmaynale
957,16925686,AngelBB,"2026-09-20 03:06:56",0.000,10,angelbb
958,16922089,udaykumarmethre,"2026-09-19 17:13:06",0.000,1,udaykumarmethre
959,16922762,"yakhaldy 01EDU_MA_03_2026","2026-09-19 18:00:01",0.000,1,yakhaldyma032026
960,16916067,"Gustavo Mota","2026-09-19 20:41:42",0.000,1,gugacloud
961,16915411,I.Tatsuya,"2026-09-20 01:33:18",0.000,1,tatuya44
962,16923673,"Rawya Hussein","2026-09-20 05:23:48",0.000,9,rawyahussein
963,16923763,"Al Mamun Rifat","2026-09-20 07:55:34",0.000,1,almamunrifat
964,16909234,"Wrong Department","2026-09-20 11:42:54",0.000,1,"darylryanchong,hazmannaim"
965,16928408,"Innocent Okiror","2026-09-20 13:55:36",0.000,4,innocentokiror
966,16925254,"Kirill Lazutkin","2026-09-20 13:59:34",0.000,1,"kirilllazutkin,plut0n"
967,16911154,"Mowriss Mg","2026-09-20 16:00:55",0.000,3,mowrissmg
968,16923363,XiaoKing,"2026-09-20 14:15:55",0.000,1,xiaoking
969,16914452,"Nihal l.suvarna","2026-09-20 14:35:33",0.000,6,nihallsuvarna
970,16913513,"Bagus Rafiq","2026-09-20 15:05:38",0.000,3,bagusrafiq
971,16922044,"vudattu maniteja","2026-09-20 16:03:22",0.000,2,vudattumaniteja
972,16931406,"Md Riadul Islam","2026-09-20 18:20:02",0.000,1,mdriadulislam
