molecule_id,smiles
m_005e53,CCO;CCO;CCO;CCO;CCO;CCO;CCO;CCO;CCO;CCO;CCO;CCO;CCO;CCO;CCO;CCO;CCO;CCO;CCO;CCO;CCO;CCO;CCO;CCO;CCO
m_006153,CCO;CCO;CCO;CCO;CCO;CCO;CCO;CCO;CCO;CCO;CCO;CCO;CCO;CCO;CCO;CCO;CCO;CCO;CCO;CCO;CCO;CCO;CCO;CCO;CCO
m_00b5aa,CCO;CCO;CCO;CCO;CCO;CCO;CCO;CCO;CCO;CCO;CCO;CCO;CCO;CCO;CCO;CCO;CCO;CCO;CCO;CCO;CCO;CCO;CCO;CCO;CCO
m_01e922,CCO;CCO;CCO;CCO;CCO;CCO;CCO;CCO;CCO;CCO;CCO;CCO;CCO;CCO;CCO;CCO;CCO;CCO;CCO;CCO;CCO;CCO;CCO;CCO;CCO
m_0259d4,CCO;CCO;CCO;CCO;CCO;CCO;CCO;CCO;CCO;CCO;CCO;CCO;CCO;CCO;CCO;CCO;CCO;CCO;CCO;CCO;CCO;CCO;CCO;CCO;CCO
m_02d188,CCO;CCO;CCO;CCO;CCO;CCO;CCO;CCO;CCO;CCO;CCO;CCO;CCO;CCO;CCO;CCO;CCO;CCO;CCO;CCO;CCO;CCO;CCO;CCO;CCO
m_0318b5,CCO;CCO;CCO;CCO;CCO;CCO;CCO;CCO;CCO;CCO;CCO;CCO;CCO;CCO;CCO;CCO;CCO;CCO;CCO;CCO;CCO;CCO;CCO;CCO;CCO
m_043e86,CCO;CCO;CCO;CCO;CCO;CCO;CCO;CCO;CCO;CCO;CCO;CCO;CCO;CCO;CCO;CCO;CCO;CCO;CCO;CCO;CCO;CCO;CCO;CCO;CCO
m_050bf1,CCO;CCO;CCO;CCO;CCO;CCO;CCO;CCO;CCO;CCO;CCO;CCO;CCO;CCO;CCO;CCO;CCO;CCO;CCO;CCO;CCO;CCO;CCO;CCO;CCO
m_05b52e,CCO;CCO;CCO;CCO;CCO;CCO;CCO;CCO;CCO;CCO;CCO;CCO;CCO;CCO;CCO;CCO;CCO;CCO;CCO;CCO;CCO;CCO;CCO;CCO;CCO
m_068354,CCO;CCO;CCO;CCO;CCO;CCO;CCO;CCO;CCO;CCO;CCO;CCO;CCO;CCO;CCO;CCO;CCO;CCO;CCO;CCO;CCO;CCO;CCO;CCO;CCO
m_06e13d,CCO;CCO;CCO;CCO;CCO;CCO;CCO;CCO;CCO;CCO;CCO;CCO;CCO;CCO;CCO;CCO;CCO;CCO;CCO;CCO;CCO;CCO;CCO;CCO;CCO
m_06f339,CCO;CCO;CCO;CCO;CCO;CCO;CCO;CCO;CCO;CCO;CCO;CCO;CCO;CCO;CCO;CCO;CCO;CCO;CCO;CCO;CCO;CCO;CCO;CCO;CCO
m_070985,CCO;CCO;CCO;CCO;CCO;CCO;CCO;CCO;CCO;CCO;CCO;CCO;CCO;CCO;CCO;CCO;CCO;CCO;CCO;CCO;CCO;CCO;CCO;CCO;CCO
m_074e83,CCO;CCO;CCO;CCO;CCO;CCO;CCO;CCO;CCO;CCO;CCO;CCO;CCO;CCO;CCO;CCO;CCO;CCO;CCO;CCO;CCO;CCO;CCO;CCO;CCO
m_089267,CCO;CCO;CCO;CCO;CCO;CCO;CCO;CCO;CCO;CCO;CCO;CCO;CCO;CCO;CCO;CCO;CCO;CCO;CCO;CCO;CCO;CCO;CCO;CCO;CCO
m_08d7f1,CCO;CCO;CCO;CCO;CCO;CCO;CCO;CCO;CCO;CCO;CCO;CCO;CCO;CCO;CCO;CCO;CCO;CCO;CCO;CCO;CCO;CCO;CCO;CCO;CCO
m_0a8bf5,CCO;CCO;CCO;CCO;CCO;CCO;CCO;CCO;CCO;CCO;CCO;CCO;CCO;CCO;CCO;CCO;CCO;CCO;CCO;CCO;CCO;CCO;CCO;CCO;CCO
m_0af51a,CCO;CCO;CCO;CCO;CCO;CCO;CCO;CCO;CCO;CCO;CCO;CCO;CCO;CCO;CCO;CCO;CCO;CCO;CCO;CCO;CCO;CCO;CCO;CCO;CCO
m_0c4e10,CCO;CCO;CCO;CCO;CCO;CCO;CCO;CCO;CCO;CCO;CCO;CCO;CCO;CCO;CCO;CCO;CCO;CCO;CCO;CCO;CCO;CCO;CCO;CCO;CCO
m_0cc9ea,CCO;CCO;CCO;CCO;CCO;CCO;CCO;CCO;CCO;CCO;CCO;CCO;CCO;CCO;CCO;CCO;CCO;CCO;CCO;CCO;CCO;CCO;CCO;CCO;CCO
m_0d08be,CCO;CCO;CCO;CCO;CCO;CCO;CCO;CCO;CCO;CCO;CCO;CCO;CCO;CCO;CCO;CCO;CCO;CCO;CCO;CCO;CCO;CCO;CCO;CCO;CCO
m_0d2197,CCO;CCO;CCO;CCO;CCO;CCO;CCO;CCO;CCO;CCO;CCO;CCO;CCO;CCO;CCO;CCO;CCO;CCO;CCO;CCO;CCO;CCO;CCO;CCO;CCO
m_0d3550,CCO;CCO;CCO;CCO;CCO;CCO;CCO;CCO;CCO;CCO;CCO;CCO;CCO;CCO;CCO;CCO;CCO;CCO;CCO;CCO;CCO;CCO;CCO;CCO;CCO
m_0d463f,CCO;CCO;CCO;CCO;CCO;CCO;CCO;CCO;CCO;CCO;CCO;CCO;CCO;CCO;CCO;CCO;CCO;CCO;CCO;CCO;CCO;CCO;CCO;CCO;CCO
m_0ea8a3,CCO;CCO;CCO;CCO;CCO;CCO;CCO;CCO;CCO;CCO;CCO;CCO;CCO;CCO;CCO;CCO;CCO;CCO;CCO;CCO;CCO;CCO;CCO;CCO;CCO
m_0ee46b,CCO;CCO;CCO;CCO;CCO;CCO;CCO;CCO;CCO;CCO;CCO;CCO;CCO;CCO;CCO;CCO;CCO;CCO;CCO;CCO;CCO;CCO;CCO;CCO;CCO
m_0f05e7,CCO;CCO;CCO;CCO;CCO;CCO;CCO;CCO;CCO;CCO;CCO;CCO;CCO;CCO;CCO;CCO;CCO;CCO;CCO;CCO;CCO;CCO;CCO;CCO;CCO
m_0fe9d9,CCO;CCO;CCO;CCO;CCO;CCO;CCO;CCO;CCO;CCO;CCO;CCO;CCO;CCO;CCO;CCO;CCO;CCO;CCO;CCO;CCO;CCO;CCO;CCO;CCO
m_108fdb,CCO;CCO;CCO;CCO;CCO;CCO;CCO;CCO;CCO;CCO;CCO;CCO;CCO;CCO;CCO;CCO;CCO;CCO;CCO;CCO;CCO;CCO;CCO;CCO;CCO
m_12945e,CCO;CCO;CCO;CCO;CCO;CCO;CCO;CCO;CCO;CCO;CCO;CCO;CCO;CCO;CCO;CCO;CCO;CCO;CCO;CCO;CCO;CCO;CCO;CCO;CCO
m_13152b,CCO;CCO;CCO;CCO;CCO;CCO;CCO;CCO;CCO;CCO;CCO;CCO;CCO;CCO;CCO;CCO;CCO;CCO;CCO;CCO;CCO;CCO;CCO;CCO;CCO
m_134d4a,CCO;CCO;CCO;CCO;CCO;CCO;CCO;CCO;CCO;CCO;CCO;CCO;CCO;CCO;CCO;CCO;CCO;CCO;CCO;CCO;CCO;CCO;CCO;CCO;CCO
m_145679,CCO;CCO;CCO;CCO;CCO;CCO;CCO;CCO;CCO;CCO;CCO;CCO;CCO;CCO;CCO;CCO;CCO;CCO;CCO;CCO;CCO;CCO;CCO;CCO;CCO
m_153108,CCO;CCO;CCO;CCO;CCO;CCO;CCO;CCO;CCO;CCO;CCO;CCO;CCO;CCO;CCO;CCO;CCO;CCO;CCO;CCO;CCO;CCO;CCO;CCO;CCO
m_156305,CCO;CCO;CCO;CCO;CCO;CCO;CCO;CCO;CCO;CCO;CCO;CCO;CCO;CCO;CCO;CCO;CCO;CCO;CCO;CCO;CCO;CCO;CCO;CCO;CCO
m_15dab4,CCO;CCO;CCO;CCO;CCO;CCO;CCO;CCO;CCO;CCO;CCO;CCO;CCO;CCO;CCO;CCO;CCO;CCO;CCO;CCO;CCO;CCO;CCO;CCO;CCO
m_163bfd,CCO;CCO;CCO;CCO;CCO;CCO;CCO;CCO;CCO;CCO;CCO;CCO;CCO;CCO;CCO;CCO;CCO;CCO;CCO;CCO;CCO;CCO;CCO;CCO;CCO
m_163da0,CCO;CCO;CCO;CCO;CCO;CCO;CCO;CCO;CCO;CCO;CCO;CCO;CCO;CCO;CCO;CCO;CCO;CCO;CCO;CCO;CCO;CCO;CCO;CCO;CCO
m_1700bc,CCO;CCO;CCO;CCO;CCO;CCO;CCO;CCO;CCO;CCO;CCO;CCO;CCO;CCO;CCO;CCO;CCO;CCO;CCO;CCO;CCO;CCO;CCO;CCO;CCO
m_1712db,CCO;CCO;CCO;CCO;CCO;CCO;CCO;CCO;CCO;CCO;CCO;CCO;CCO;CCO;CCO;CCO;CCO;CCO;CCO;CCO;CCO;CCO;CCO;CCO;CCO
m_1777b7,CCO;CCO;CCO;CCO;CCO;CCO;CCO;CCO;CCO;CCO;CCO;CCO;CCO;CCO;CCO;CCO;CCO;CCO;CCO;CCO;CCO;CCO;CCO;CCO;CCO
m_1813a1,CCO;CCO;CCO;CCO;CCO;CCO;CCO;CCO;CCO;CCO;CCO;CCO;CCO;CCO;CCO;CCO;CCO;CCO;CCO;CCO;CCO;CCO;CCO;CCO;CCO
m_18f297,CCO;CCO;CCO;CCO;CCO;CCO;CCO;CCO;CCO;CCO;CCO;CCO;CCO;CCO;CCO;CCO;CCO;CCO;CCO;CCO;CCO;CCO;CCO;CCO;CCO
m_1a0749,CCO;CCO;CCO;CCO;CCO;CCO;CCO;CCO;CCO;CCO;CCO;CCO;CCO;CCO;CCO;CCO;CCO;CCO;CCO;CCO;CCO;CCO;CCO;CCO;CCO
m_1a8b29,CCO;CCO;CCO;CCO;CCO;CCO;CCO;CCO;CCO;CCO;CCO;CCO;CCO;CCO;CCO;CCO;CCO;CCO;CCO;CCO;CCO;CCO;CCO;CCO;CCO
m_1b1573,CCO;CCO;CCO;CCO;CCO;CCO;CCO;CCO;CCO;CCO;CCO;CCO;CCO;CCO;CCO;CCO;CCO;CCO;CCO;CCO;CCO;CCO;CCO;CCO;CCO
m_1b27e6,CCO;CCO;CCO;CCO;CCO;CCO;CCO;CCO;CCO;CCO;CCO;CCO;CCO;CCO;CCO;CCO;CCO;CCO;CCO;CCO;CCO;CCO;CCO;CCO;CCO
m_1beae5,CCO;CCO;CCO;CCO;CCO;CCO;CCO;CCO;CCO;CCO;CCO;CCO;CCO;CCO;CCO;CCO;CCO;CCO;CCO;CCO;CCO;CCO;CCO;CCO;CCO
m_1d7bdd,CCO;CCO;CCO;CCO;CCO;CCO;CCO;CCO;CCO;CCO;CCO;CCO;CCO;CCO;CCO;CCO;CCO;CCO;CCO;CCO;CCO;CCO;CCO;CCO;CCO
m_1de28b,CCO;CCO;CCO;CCO;CCO;CCO;CCO;CCO;CCO;CCO;CCO;CCO;CCO;CCO;CCO;CCO;CCO;CCO;CCO;CCO;CCO;CCO;CCO;CCO;CCO
m_1f86e6,CCO;CCO;CCO;CCO;CCO;CCO;CCO;CCO;CCO;CCO;CCO;CCO;CCO;CCO;CCO;CCO;CCO;CCO;CCO;CCO;CCO;CCO;CCO;CCO;CCO
m_20b8f2,CCO;CCO;CCO;CCO;CCO;CCO;CCO;CCO;CCO;CCO;CCO;CCO;CCO;CCO;CCO;CCO;CCO;CCO;CCO;CCO;CCO;CCO;CCO;CCO;CCO
m_20c386,CCO;CCO;CCO;CCO;CCO;CCO;CCO;CCO;CCO;CCO;CCO;CCO;CCO;CCO;CCO;CCO;CCO;CCO;CCO;CCO;CCO;CCO;CCO;CCO;CCO
m_214040,CCO;CCO;CCO;CCO;CCO;CCO;CCO;CCO;CCO;CCO;CCO;CCO;CCO;CCO;CCO;CCO;CCO;CCO;CCO;CCO;CCO;CCO;CCO;CCO;CCO
m_217b19,CCO;CCO;CCO;CCO;CCO;CCO;CCO;CCO;CCO;CCO;CCO;CCO;CCO;CCO;CCO;CCO;CCO;CCO;CCO;CCO;CCO;CCO;CCO;CCO;CCO
m_21cd44,CCO;CCO;CCO;CCO;CCO;CCO;CCO;CCO;CCO;CCO;CCO;CCO;CCO;CCO;CCO;CCO;CCO;CCO;CCO;CCO;CCO;CCO;CCO;CCO;CCO
m_2363c0,CCO;CCO;CCO;CCO;CCO;CCO;CCO;CCO;CCO;CCO;CCO;CCO;CCO;CCO;CCO;CCO;CCO;CCO;CCO;CCO;CCO;CCO;CCO;CCO;CCO
m_23ff71,CCO;CCO;CCO;CCO;CCO;CCO;CCO;CCO;CCO;CCO;CCO;CCO;CCO;CCO;CCO;CCO;CCO;CCO;CCO;CCO;CCO;CCO;CCO;CCO;CCO
m_254f59,CCO;CCO;CCO;CCO;CCO;CCO;CCO;CCO;CCO;CCO;CCO;CCO;CCO;CCO;CCO;CCO;CCO;CCO;CCO;CCO;CCO;CCO;CCO;CCO;CCO
m_25a38e,CCO;CCO;CCO;CCO;CCO;CCO;CCO;CCO;CCO;CCO;CCO;CCO;CCO;CCO;CCO;CCO;CCO;CCO;CCO;CCO;CCO;CCO;CCO;CCO;CCO
m_25cfa1,CCO;CCO;CCO;CCO;CCO;CCO;CCO;CCO;CCO;CCO;CCO;CCO;CCO;CCO;CCO;CCO;CCO;CCO;CCO;CCO;CCO;CCO;CCO;CCO;CCO
m_26bf54,CCO;CCO;CCO;CCO;CCO;CCO;CCO;CCO;CCO;CCO;CCO;CCO;CCO;CCO;CCO;CCO;CCO;CCO;CCO;CCO;CCO;CCO;CCO;CCO;CCO
m_273696,CCO;CCO;CCO;CCO;CCO;CCO;CCO;CCO;CCO;CCO;CCO;CCO;CCO;CCO;CCO;CCO;CCO;CCO;CCO;CCO;CCO;CCO;CCO;CCO;CCO
m_27df2d,CCO;CCO;CCO;CCO;CCO;CCO;CCO;CCO;CCO;CCO;CCO;CCO;CCO;CCO;CCO;CCO;CCO;CCO;CCO;CCO;CCO;CCO;CCO;CCO;CCO
m_293ec0,CCO;CCO;CCO;CCO;CCO;CCO;CCO;CCO;CCO;CCO;CCO;CCO;CCO;CCO;CCO;CCO;CCO;CCO;CCO;CCO;CCO;CCO;CCO;CCO;CCO
m_2a0e17,CCO;CCO;CCO;CCO;CCO;CCO;CCO;CCO;CCO;CCO;CCO;CCO;CCO;CCO;CCO;CCO;CCO;CCO;CCO;CCO;CCO;CCO;CCO;CCO;CCO
m_2aa8ea,CCO;CCO;CCO;CCO;CCO;CCO;CCO;CCO;CCO;CCO;CCO;CCO;CCO;CCO;CCO;CCO;CCO;CCO;CCO;CCO;CCO;CCO;CCO;CCO;CCO
m_2ac2ed,CCO;CCO;CCO;CCO;CCO;CCO;CCO;CCO;CCO;CCO;CCO;CCO;CCO;CCO;CCO;CCO;CCO;CCO;CCO;CCO;CCO;CCO;CCO;CCO;CCO
m_2b524a,CCO;CCO;CCO;CCO;CCO;CCO;CCO;CCO;CCO;CCO;CCO;CCO;CCO;CCO;CCO;CCO;CCO;CCO;CCO;CCO;CCO;CCO;CCO;CCO;CCO
m_2b7513,CCO;CCO;CCO;CCO;CCO;CCO;CCO;CCO;CCO;CCO;CCO;CCO;CCO;CCO;CCO;CCO;CCO;CCO;CCO;CCO;CCO;CCO;CCO;CCO;CCO
m_2c1f87,CCO;CCO;CCO;CCO;CCO;CCO;CCO;CCO;CCO;CCO;CCO;CCO;CCO;CCO;CCO;CCO;CCO;CCO;CCO;CCO;CCO;CCO;CCO;CCO;CCO
m_2c2340,CCO;CCO;CCO;CCO;CCO;CCO;CCO;CCO;CCO;CCO;CCO;CCO;CCO;CCO;CCO;CCO;CCO;CCO;CCO;CCO;CCO;CCO;CCO;CCO;CCO
m_2d1eba,CCO;CCO;CCO;CCO;CCO;CCO;CCO;CCO;CCO;CCO;CCO;CCO;CCO;CCO;CCO;CCO;CCO;CCO;CCO;CCO;CCO;CCO;CCO;CCO;CCO
m_2e265c,CCO;CCO;CCO;CCO;CCO;CCO;CCO;CCO;CCO;CCO;CCO;CCO;CCO;CCO;CCO;CCO;CCO;CCO;CCO;CCO;CCO;CCO;CCO;CCO;CCO
m_2efd6f,CCO;CCO;CCO;CCO;CCO;CCO;CCO;CCO;CCO;CCO;CCO;CCO;CCO;CCO;CCO;CCO;CCO;CCO;CCO;CCO;CCO;CCO;CCO;CCO;CCO
m_2f1128,CCO;CCO;CCO;CCO;CCO;CCO;CCO;CCO;CCO;CCO;CCO;CCO;CCO;CCO;CCO;CCO;CCO;CCO;CCO;CCO;CCO;CCO;CCO;CCO;CCO
m_2f9ab1,CCO;CCO;CCO;CCO;CCO;CCO;CCO;CCO;CCO;CCO;CCO;CCO;CCO;CCO;CCO;CCO;CCO;CCO;CCO;CCO;CCO;CCO;CCO;CCO;CCO
m_30024e,CCO;CCO;CCO;CCO;CCO;CCO;CCO;CCO;CCO;CCO;CCO;CCO;CCO;CCO;CCO;CCO;CCO;CCO;CCO;CCO;CCO;CCO;CCO;CCO;CCO
m_31ebaa,CCO;CCO;CCO;CCO;CCO;CCO;CCO;CCO;CCO;CCO;CCO;CCO;CCO;CCO;CCO;CCO;CCO;CCO;CCO;CCO;CCO;CCO;CCO;CCO;CCO
m_328338,CCO;CCO;CCO;CCO;CCO;CCO;CCO;CCO;CCO;CCO;CCO;CCO;CCO;CCO;CCO;CCO;CCO;CCO;CCO;CCO;CCO;CCO;CCO;CCO;CCO
m_347e26,CCO;CCO;CCO;CCO;CCO;CCO;CCO;CCO;CCO;CCO;CCO;CCO;CCO;CCO;CCO;CCO;CCO;CCO;CCO;CCO;CCO;CCO;CCO;CCO;CCO
m_34c00a,CCO;CCO;CCO;CCO;CCO;CCO;CCO;CCO;CCO;CCO;CCO;CCO;CCO;CCO;CCO;CCO;CCO;CCO;CCO;CCO;CCO;CCO;CCO;CCO;CCO
m_34c315,CCO;CCO;CCO;CCO;CCO;CCO;CCO;CCO;CCO;CCO;CCO;CCO;CCO;CCO;CCO;CCO;CCO;CCO;CCO;CCO;CCO;CCO;CCO;CCO;CCO
m_36d3ce,CCO;CCO;CCO;CCO;CCO;CCO;CCO;CCO;CCO;CCO;CCO;CCO;CCO;CCO;CCO;CCO;CCO;CCO;CCO;CCO;CCO;CCO;CCO;CCO;CCO
m_370436,CCO;CCO;CCO;CCO;CCO;CCO;CCO;CCO;CCO;CCO;CCO;CCO;CCO;CCO;CCO;CCO;CCO;CCO;CCO;CCO;CCO;CCO;CCO;CCO;CCO
m_3883ef,CCO;CCO;CCO;CCO;CCO;CCO;CCO;CCO;CCO;CCO;CCO;CCO;CCO;CCO;CCO;CCO;CCO;CCO;CCO;CCO;CCO;CCO;CCO;CCO;CCO
m_38941f,CCO;CCO;CCO;CCO;CCO;CCO;CCO;CCO;CCO;CCO;CCO;CCO;CCO;CCO;CCO;CCO;CCO;CCO;CCO;CCO;CCO;CCO;CCO;CCO;CCO
m_3a5731,CCO;CCO;CCO;CCO;CCO;CCO;CCO;CCO;CCO;CCO;CCO;CCO;CCO;CCO;CCO;CCO;CCO;CCO;CCO;CCO;CCO;CCO;CCO;CCO;CCO
m_3aa487,CCO;CCO;CCO;CCO;CCO;CCO;CCO;CCO;CCO;CCO;CCO;CCO;CCO;CCO;CCO;CCO;CCO;CCO;CCO;CCO;CCO;CCO;CCO;CCO;CCO
m_3ae355,CCO;CCO;CCO;CCO;CCO;CCO;CCO;CCO;CCO;CCO;CCO;CCO;CCO;CCO;CCO;CCO;CCO;CCO;CCO;CCO;CCO;CCO;CCO;CCO;CCO
m_3aecdc,CCO;CCO;CCO;CCO;CCO;CCO;CCO;CCO;CCO;CCO;CCO;CCO;CCO;CCO;CCO;CCO;CCO;CCO;CCO;CCO;CCO;CCO;CCO;CCO;CCO
m_3ba5ce,CCO;CCO;CCO;CCO;CCO;CCO;CCO;CCO;CCO;CCO;CCO;CCO;CCO;CCO;CCO;CCO;CCO;CCO;CCO;CCO;CCO;CCO;CCO;CCO;CCO
m_3ce578,CCO;CCO;CCO;CCO;CCO;CCO;CCO;CCO;CCO;CCO;CCO;CCO;CCO;CCO;CCO;CCO;CCO;CCO;CCO;CCO;CCO;CCO;CCO;CCO;CCO
m_3d62dd,CCO;CCO;CCO;CCO;CCO;CCO;CCO;CCO;CCO;CCO;CCO;CCO;CCO;CCO;CCO;CCO;CCO;CCO;CCO;CCO;CCO;CCO;CCO;CCO;CCO
m_3db789,CCO;CCO;CCO;CCO;CCO;CCO;CCO;CCO;CCO;CCO;CCO;CCO;CCO;CCO;CCO;CCO;CCO;CCO;CCO;CCO;CCO;CCO;CCO;CCO;CCO
m_3dc915,CCO;CCO;CCO;CCO;CCO;CCO;CCO;CCO;CCO;CCO;CCO;CCO;CCO;CCO;CCO;CCO;CCO;CCO;CCO;CCO;CCO;CCO;CCO;CCO;CCO
m_3f6bab,CCO;CCO;CCO;CCO;CCO;CCO;CCO;CCO;CCO;CCO;CCO;CCO;CCO;CCO;CCO;CCO;CCO;CCO;CCO;CCO;CCO;CCO;CCO;CCO;CCO
m_3f8028,CCO;CCO;CCO;CCO;CCO;CCO;CCO;CCO;CCO;CCO;CCO;CCO;CCO;CCO;CCO;CCO;CCO;CCO;CCO;CCO;CCO;CCO;CCO;CCO;CCO
m_3ff7be,CCO;CCO;CCO;CCO;CCO;CCO;CCO;CCO;CCO;CCO;CCO;CCO;CCO;CCO;CCO;CCO;CCO;CCO;CCO;CCO;CCO;CCO;CCO;CCO;CCO
m_402004,CCO;CCO;CCO;CCO;CCO;CCO;CCO;CCO;CCO;CCO;CCO;CCO;CCO;CCO;CCO;CCO;CCO;CCO;CCO;CCO;CCO;CCO;CCO;CCO;CCO
m_417c79,CCO;CCO;CCO;CCO;CCO;CCO;CCO;CCO;CCO;CCO;CCO;CCO;CCO;CCO;CCO;CCO;CCO;CCO;CCO;CCO;CCO;CCO;CCO;CCO;CCO
m_43683b,CCO;CCO;CCO;CCO;CCO;CCO;CCO;CCO;CCO;CCO;CCO;CCO;CCO;CCO;CCO;CCO;CCO;CCO;CCO;CCO;CCO;CCO;CCO;CCO;CCO
m_436a8d,CCO;CCO;CCO;CCO;CCO;CCO;CCO;CCO;CCO;CCO;CCO;CCO;CCO;CCO;CCO;CCO;CCO;CCO;CCO;CCO;CCO;CCO;CCO;CCO;CCO
m_436c77,CCO;CCO;CCO;CCO;CCO;CCO;CCO;CCO;CCO;CCO;CCO;CCO;CCO;CCO;CCO;CCO;CCO;CCO;CCO;CCO;CCO;CCO;CCO;CCO;CCO
m_43e809,CCO;CCO;CCO;CCO;CCO;CCO;CCO;CCO;CCO;CCO;CCO;CCO;CCO;CCO;CCO;CCO;CCO;CCO;CCO;CCO;CCO;CCO;CCO;CCO;CCO
m_444a56,CCO;CCO;CCO;CCO;CCO;CCO;CCO;CCO;CCO;CCO;CCO;CCO;CCO;CCO;CCO;CCO;CCO;CCO;CCO;CCO;CCO;CCO;CCO;CCO;CCO
m_44cb82,CCO;CCO;CCO;CCO;CCO;CCO;CCO;CCO;CCO;CCO;CCO;CCO;CCO;CCO;CCO;CCO;CCO;CCO;CCO;CCO;CCO;CCO;CCO;CCO;CCO
m_451ad6,CCO;CCO;CCO;CCO;CCO;CCO;CCO;CCO;CCO;CCO;CCO;CCO;CCO;CCO;CCO;CCO;CCO;CCO;CCO;CCO;CCO;CCO;CCO;CCO;CCO
m_45d613,CCO;CCO;CCO;CCO;CCO;CCO;CCO;CCO;CCO;CCO;CCO;CCO;CCO;CCO;CCO;CCO;CCO;CCO;CCO;CCO;CCO;CCO;CCO;CCO;CCO
m_466863,CCO;CCO;CCO;CCO;CCO;CCO;CCO;CCO;CCO;CCO;CCO;CCO;CCO;CCO;CCO;CCO;CCO;CCO;CCO;CCO;CCO;CCO;CCO;CCO;CCO
m_4690d3,CCO;CCO;CCO;CCO;CCO;CCO;CCO;CCO;CCO;CCO;CCO;CCO;CCO;CCO;CCO;CCO;CCO;CCO;CCO;CCO;CCO;CCO;CCO;CCO;CCO
m_471696,CCO;CCO;CCO;CCO;CCO;CCO;CCO;CCO;CCO;CCO;CCO;CCO;CCO;CCO;CCO;CCO;CCO;CCO;CCO;CCO;CCO;CCO;CCO;CCO;CCO
m_47617a,CCO;CCO;CCO;CCO;CCO;CCO;CCO;CCO;CCO;CCO;CCO;CCO;CCO;CCO;CCO;CCO;CCO;CCO;CCO;CCO;CCO;CCO;CCO;CCO;CCO
m_478c2e,CCO;CCO;CCO;CCO;CCO;CCO;CCO;CCO;CCO;CCO;CCO;CCO;CCO;CCO;CCO;CCO;CCO;CCO;CCO;CCO;CCO;CCO;CCO;CCO;CCO
m_47ae67,CCO;CCO;CCO;CCO;CCO;CCO;CCO;CCO;CCO;CCO;CCO;CCO;CCO;CCO;CCO;CCO;CCO;CCO;CCO;CCO;CCO;CCO;CCO;CCO;CCO
m_47e099,CCO;CCO;CCO;CCO;CCO;CCO;CCO;CCO;CCO;CCO;CCO;CCO;CCO;CCO;CCO;CCO;CCO;CCO;CCO;CCO;CCO;CCO;CCO;CCO;CCO
m_48bfe1,CCO;CCO;CCO;CCO;CCO;CCO;CCO;CCO;CCO;CCO;CCO;CCO;CCO;CCO;CCO;CCO;CCO;CCO;CCO;CCO;CCO;CCO;CCO;CCO;CCO
m_4b55af,CCO;CCO;CCO;CCO;CCO;CCO;CCO;CCO;CCO;CCO;CCO;CCO;CCO;CCO;CCO;CCO;CCO;CCO;CCO;CCO;CCO;CCO;CCO;CCO;CCO
m_4b86b5,CCO;CCO;CCO;CCO;CCO;CCO;CCO;CCO;CCO;CCO;CCO;CCO;CCO;CCO;CCO;CCO;CCO;CCO;CCO;CCO;CCO;CCO;CCO;CCO;CCO
m_4bb17c,CCO;CCO;CCO;CCO;CCO;CCO;CCO;CCO;CCO;CCO;CCO;CCO;CCO;CCO;CCO;CCO;CCO;CCO;CCO;CCO;CCO;CCO;CCO;CCO;CCO
m_4bc064,CCO;CCO;CCO;CCO;CCO;CCO;CCO;CCO;CCO;CCO;CCO;CCO;CCO;CCO;CCO;CCO;CCO;CCO;CCO;CCO;CCO;CCO;CCO;CCO;CCO
m_4fb975,CCO;CCO;CCO;CCO;CCO;CCO;CCO;CCO;CCO;CCO;CCO;CCO;CCO;CCO;CCO;CCO;CCO;CCO;CCO;CCO;CCO;CCO;CCO;CCO;CCO
m_517c87,CCO;CCO;CCO;CCO;CCO;CCO;CCO;CCO;CCO;CCO;CCO;CCO;CCO;CCO;CCO;CCO;CCO;CCO;CCO;CCO;CCO;CCO;CCO;CCO;CCO
m_53dfe2,CCO;CCO;CCO;CCO;CCO;CCO;CCO;CCO;CCO;CCO;CCO;CCO;CCO;CCO;CCO;CCO;CCO;CCO;CCO;CCO;CCO;CCO;CCO;CCO;CCO
m_55fde0,CCO;CCO;CCO;CCO;CCO;CCO;CCO;CCO;CCO;CCO;CCO;CCO;CCO;CCO;CCO;CCO;CCO;CCO;CCO;CCO;CCO;CCO;CCO;CCO;CCO
m_5667e2,CCO;CCO;CCO;CCO;CCO;CCO;CCO;CCO;CCO;CCO;CCO;CCO;CCO;CCO;CCO;CCO;CCO;CCO;CCO;CCO;CCO;CCO;CCO;CCO;CCO
m_568a04,CCO;CCO;CCO;CCO;CCO;CCO;CCO;CCO;CCO;CCO;CCO;CCO;CCO;CCO;CCO;CCO;CCO;CCO;CCO;CCO;CCO;CCO;CCO;CCO;CCO
m_56bcbe,CCO;CCO;CCO;CCO;CCO;CCO;CCO;CCO;CCO;CCO;CCO;CCO;CCO;CCO;CCO;CCO;CCO;CCO;CCO;CCO;CCO;CCO;CCO;CCO;CCO
m_572a36,CCO;CCO;CCO;CCO;CCO;CCO;CCO;CCO;CCO;CCO;CCO;CCO;CCO;CCO;CCO;CCO;CCO;CCO;CCO;CCO;CCO;CCO;CCO;CCO;CCO
m_57bec0,CCO;CCO;CCO;CCO;CCO;CCO;CCO;CCO;CCO;CCO;CCO;CCO;CCO;CCO;CCO;CCO;CCO;CCO;CCO;CCO;CCO;CCO;CCO;CCO;CCO
m_57f31b,CCO;CCO;CCO;CCO;CCO;CCO;CCO;CCO;CCO;CCO;CCO;CCO;CCO;CCO;CCO;CCO;CCO;CCO;CCO;CCO;CCO;CCO;CCO;CCO;CCO
m_59b1bd,CCO;CCO;CCO;CCO;CCO;CCO;CCO;CCO;CCO;CCO;CCO;CCO;CCO;CCO;CCO;CCO;CCO;CCO;CCO;CCO;CCO;CCO;CCO;CCO;CCO
m_59bced,CCO;CCO;CCO;CCO;CCO;CCO;CCO;CCO;CCO;CCO;CCO;CCO;CCO;CCO;CCO;CCO;CCO;CCO;CCO;CCO;CCO;CCO;CCO;CCO;CCO
m_5ae66f,CCO;CCO;CCO;CCO;CCO;CCO;CCO;CCO;CCO;CCO;CCO;CCO;CCO;CCO;CCO;CCO;CCO;CCO;CCO;CCO;CCO;CCO;CCO;CCO;CCO
m_5bfac3,CCO;CCO;CCO;CCO;CCO;CCO;CCO;CCO;CCO;CCO;CCO;CCO;CCO;CCO;CCO;CCO;CCO;CCO;CCO;CCO;CCO;CCO;CCO;CCO;CCO
m_5c710b,CCO;CCO;CCO;CCO;CCO;CCO;CCO;CCO;CCO;CCO;CCO;CCO;CCO;CCO;CCO;CCO;CCO;CCO;CCO;CCO;CCO;CCO;CCO;CCO;CCO
m_5c8d41,CCO;CCO;CCO;CCO;CCO;CCO;CCO;CCO;CCO;CCO;CCO;CCO;CCO;CCO;CCO;CCO;CCO;CCO;CCO;CCO;CCO;CCO;CCO;CCO;CCO
m_5da1ef,CCO;CCO;CCO;CCO;CCO;CCO;CCO;CCO;CCO;CCO;CCO;CCO;CCO;CCO;CCO;CCO;CCO;CCO;CCO;CCO;CCO;CCO;CCO;CCO;CCO
m_5dda21,CCO;CCO;CCO;CCO;CCO;CCO;CCO;CCO;CCO;CCO;CCO;CCO;CCO;CCO;CCO;CCO;CCO;CCO;CCO;CCO;CCO;CCO;CCO;CCO;CCO
m_5fef1c,CCO;CCO;CCO;CCO;CCO;CCO;CCO;CCO;CCO;CCO;CCO;CCO;CCO;CCO;CCO;CCO;CCO;CCO;CCO;CCO;CCO;CCO;CCO;CCO;CCO
m_6007c7,CCO;CCO;CCO;CCO;CCO;CCO;CCO;CCO;CCO;CCO;CCO;CCO;CCO;CCO;CCO;CCO;CCO;CCO;CCO;CCO;CCO;CCO;CCO;CCO;CCO
m_60e7b1,CCO;CCO;CCO;CCO;CCO;CCO;CCO;CCO;CCO;CCO;CCO;CCO;CCO;CCO;CCO;CCO;CCO;CCO;CCO;CCO;CCO;CCO;CCO;CCO;CCO
m_6105c1,CCO;CCO;CCO;CCO;CCO;CCO;CCO;CCO;CCO;CCO;CCO;CCO;CCO;CCO;CCO;CCO;CCO;CCO;CCO;CCO;CCO;CCO;CCO;CCO;CCO
m_610a9f,CCO;CCO;CCO;CCO;CCO;CCO;CCO;CCO;CCO;CCO;CCO;CCO;CCO;CCO;CCO;CCO;CCO;CCO;CCO;CCO;CCO;CCO;CCO;CCO;CCO
m_612431,CCO;CCO;CCO;CCO;CCO;CCO;CCO;CCO;CCO;CCO;CCO;CCO;CCO;CCO;CCO;CCO;CCO;CCO;CCO;CCO;CCO;CCO;CCO;CCO;CCO
m_62973b,CCO;CCO;CCO;CCO;CCO;CCO;CCO;CCO;CCO;CCO;CCO;CCO;CCO;CCO;CCO;CCO;CCO;CCO;CCO;CCO;CCO;CCO;CCO;CCO;CCO
m_62dd85,CCO;CCO;CCO;CCO;CCO;CCO;CCO;CCO;CCO;CCO;CCO;CCO;CCO;CCO;CCO;CCO;CCO;CCO;CCO;CCO;CCO;CCO;CCO;CCO;CCO
m_637284,CCO;CCO;CCO;CCO;CCO;CCO;CCO;CCO;CCO;CCO;CCO;CCO;CCO;CCO;CCO;CCO;CCO;CCO;CCO;CCO;CCO;CCO;CCO;CCO;CCO
m_64030c,CCO;CCO;CCO;CCO;CCO;CCO;CCO;CCO;CCO;CCO;CCO;CCO;CCO;CCO;CCO;CCO;CCO;CCO;CCO;CCO;CCO;CCO;CCO;CCO;CCO
m_64306c,CCO;CCO;CCO;CCO;CCO;CCO;CCO;CCO;CCO;CCO;CCO;CCO;CCO;CCO;CCO;CCO;CCO;CCO;CCO;CCO;CCO;CCO;CCO;CCO;CCO
m_65a7ff,CCO;CCO;CCO;CCO;CCO;CCO;CCO;CCO;CCO;CCO;CCO;CCO;CCO;CCO;CCO;CCO;CCO;CCO;CCO;CCO;CCO;CCO;CCO;CCO;CCO
m_6817b1,CCO;CCO;CCO;CCO;CCO;CCO;CCO;CCO;CCO;CCO;CCO;CCO;CCO;CCO;CCO;CCO;CCO;CCO;CCO;CCO;CCO;CCO;CCO;CCO;CCO
m_6b66aa,CCO;CCO;CCO;CCO;CCO;CCO;CCO;CCO;CCO;CCO;CCO;CCO;CCO;CCO;CCO;CCO;CCO;CCO;CCO;CCO;CCO;CCO;CCO;CCO;CCO
m_6d224e,CCO;CCO;CCO;CCO;CCO;CCO;CCO;CCO;CCO;CCO;CCO;CCO;CCO;CCO;CCO;CCO;CCO;CCO;CCO;CCO;CCO;CCO;CCO;CCO;CCO
m_6d3dc0,CCO;CCO;CCO;CCO;CCO;CCO;CCO;CCO;CCO;CCO;CCO;CCO;CCO;CCO;CCO;CCO;CCO;CCO;CCO;CCO;CCO;CCO;CCO;CCO;CCO
m_6d9287,CCO;CCO;CCO;CCO;CCO;CCO;CCO;CCO;CCO;CCO;CCO;CCO;CCO;CCO;CCO;CCO;CCO;CCO;CCO;CCO;CCO;CCO;CCO;CCO;CCO
m_6e1c94,CCO;CCO;CCO;CCO;CCO;CCO;CCO;CCO;CCO;CCO;CCO;CCO;CCO;CCO;CCO;CCO;CCO;CCO;CCO;CCO;CCO;CCO;CCO;CCO;CCO
m_6ebcf9,CCO;CCO;CCO;CCO;CCO;CCO;CCO;CCO;CCO;CCO;CCO;CCO;CCO;CCO;CCO;CCO;CCO;CCO;CCO;CCO;CCO;CCO;CCO;CCO;CCO
m_6f127a,CCO;CCO;CCO;CCO;CCO;CCO;CCO;CCO;CCO;CCO;CCO;CCO;CCO;CCO;CCO;CCO;CCO;CCO;CCO;CCO;CCO;CCO;CCO;CCO;CCO
m_6f3a5c,CCO;CCO;CCO;CCO;CCO;CCO;CCO;CCO;CCO;CCO;CCO;CCO;CCO;CCO;CCO;CCO;CCO;CCO;CCO;CCO;CCO;CCO;CCO;CCO;CCO
m_6f414f,CCO;CCO;CCO;CCO;CCO;CCO;CCO;CCO;CCO;CCO;CCO;CCO;CCO;CCO;CCO;CCO;CCO;CCO;CCO;CCO;CCO;CCO;CCO;CCO;CCO
m_6f45e5,CCO;CCO;CCO;CCO;CCO;CCO;CCO;CCO;CCO;CCO;CCO;CCO;CCO;CCO;CCO;CCO;CCO;CCO;CCO;CCO;CCO;CCO;CCO;CCO;CCO
m_70464b,CCO;CCO;CCO;CCO;CCO;CCO;CCO;CCO;CCO;CCO;CCO;CCO;CCO;CCO;CCO;CCO;CCO;CCO;CCO;CCO;CCO;CCO;CCO;CCO;CCO
m_70fe91,CCO;CCO;CCO;CCO;CCO;CCO;CCO;CCO;CCO;CCO;CCO;CCO;CCO;CCO;CCO;CCO;CCO;CCO;CCO;CCO;CCO;CCO;CCO;CCO;CCO
m_70ff2a,CCO;CCO;CCO;CCO;CCO;CCO;CCO;CCO;CCO;CCO;CCO;CCO;CCO;CCO;CCO;CCO;CCO;CCO;CCO;CCO;CCO;CCO;CCO;CCO;CCO
m_7108be,CCO;CCO;CCO;CCO;CCO;CCO;CCO;CCO;CCO;CCO;CCO;CCO;CCO;CCO;CCO;CCO;CCO;CCO;CCO;CCO;CCO;CCO;CCO;CCO;CCO
m_7125ae,CCO;CCO;CCO;CCO;CCO;CCO;CCO;CCO;CCO;CCO;CCO;CCO;CCO;CCO;CCO;CCO;CCO;CCO;CCO;CCO;CCO;CCO;CCO;CCO;CCO
m_741f2c,CCO;CCO;CCO;CCO;CCO;CCO;CCO;CCO;CCO;CCO;CCO;CCO;CCO;CCO;CCO;CCO;CCO;CCO;CCO;CCO;CCO;CCO;CCO;CCO;CCO
m_75100f,CCO;CCO;CCO;CCO;CCO;CCO;CCO;CCO;CCO;CCO;CCO;CCO;CCO;CCO;CCO;CCO;CCO;CCO;CCO;CCO;CCO;CCO;CCO;CCO;CCO
m_75dece,CCO;CCO;CCO;CCO;CCO;CCO;CCO;CCO;CCO;CCO;CCO;CCO;CCO;CCO;CCO;CCO;CCO;CCO;CCO;CCO;CCO;CCO;CCO;CCO;CCO
m_762dcf,CCO;CCO;CCO;CCO;CCO;CCO;CCO;CCO;CCO;CCO;CCO;CCO;CCO;CCO;CCO;CCO;CCO;CCO;CCO;CCO;CCO;CCO;CCO;CCO;CCO
m_76b47b,CCO;CCO;CCO;CCO;CCO;CCO;CCO;CCO;CCO;CCO;CCO;CCO;CCO;CCO;CCO;CCO;CCO;CCO;CCO;CCO;CCO;CCO;CCO;CCO;CCO
m_76ffc5,CCO;CCO;CCO;CCO;CCO;CCO;CCO;CCO;CCO;CCO;CCO;CCO;CCO;CCO;CCO;CCO;CCO;CCO;CCO;CCO;CCO;CCO;CCO;CCO;CCO
m_773a95,CCO;CCO;CCO;CCO;CCO;CCO;CCO;CCO;CCO;CCO;CCO;CCO;CCO;CCO;CCO;CCO;CCO;CCO;CCO;CCO;CCO;CCO;CCO;CCO;CCO
m_77b2b0,CCO;CCO;CCO;CCO;CCO;CCO;CCO;CCO;CCO;CCO;CCO;CCO;CCO;CCO;CCO;CCO;CCO;CCO;CCO;CCO;CCO;CCO;CCO;CCO;CCO
m_7874d0,CCO;CCO;CCO;CCO;CCO;CCO;CCO;CCO;CCO;CCO;CCO;CCO;CCO;CCO;CCO;CCO;CCO;CCO;CCO;CCO;CCO;CCO;CCO;CCO;CCO
m_78c402,CCO;CCO;CCO;CCO;CCO;CCO;CCO;CCO;CCO;CCO;CCO;CCO;CCO;CCO;CCO;CCO;CCO;CCO;CCO;CCO;CCO;CCO;CCO;CCO;CCO
m_78cd05,CCO;CCO;CCO;CCO;CCO;CCO;CCO;CCO;CCO;CCO;CCO;CCO;CCO;CCO;CCO;CCO;CCO;CCO;CCO;CCO;CCO;CCO;CCO;CCO;CCO
m_79cf07,CCO;CCO;CCO;CCO;CCO;CCO;CCO;CCO;CCO;CCO;CCO;CCO;CCO;CCO;CCO;CCO;CCO;CCO;CCO;CCO;CCO;CCO;CCO;CCO;CCO
m_7b993b,CCO;CCO;CCO;CCO;CCO;CCO;CCO;CCO;CCO;CCO;CCO;CCO;CCO;CCO;CCO;CCO;CCO;CCO;CCO;CCO;CCO;CCO;CCO;CCO;CCO
m_7d4c58,CCO;CCO;CCO;CCO;CCO;CCO;CCO;CCO;CCO;CCO;CCO;CCO;CCO;CCO;CCO;CCO;CCO;CCO;CCO;CCO;CCO;CCO;CCO;CCO;CCO
m_7e912f,CCO;CCO;CCO;CCO;CCO;CCO;CCO;CCO;CCO;CCO;CCO;CCO;CCO;CCO;CCO;CCO;CCO;CCO;CCO;CCO;CCO;CCO;CCO;CCO;CCO
m_7ee70f,CCO;CCO;CCO;CCO;CCO;CCO;CCO;CCO;CCO;CCO;CCO;CCO;CCO;CCO;CCO;CCO;CCO;CCO;CCO;CCO;CCO;CCO;CCO;CCO;CCO
m_80401f,CCO;CCO;CCO;CCO;CCO;CCO;CCO;CCO;CCO;CCO;CCO;CCO;CCO;CCO;CCO;CCO;CCO;CCO;CCO;CCO;CCO;CCO;CCO;CCO;CCO
m_8071e1,CCO;CCO;CCO;CCO;CCO;CCO;CCO;CCO;CCO;CCO;CCO;CCO;CCO;CCO;CCO;CCO;CCO;CCO;CCO;CCO;CCO;CCO;CCO;CCO;CCO
m_808712,CCO;CCO;CCO;CCO;CCO;CCO;CCO;CCO;CCO;CCO;CCO;CCO;CCO;CCO;CCO;CCO;CCO;CCO;CCO;CCO;CCO;CCO;CCO;CCO;CCO
m_80b537,CCO;CCO;CCO;CCO;CCO;CCO;CCO;CCO;CCO;CCO;CCO;CCO;CCO;CCO;CCO;CCO;CCO;CCO;CCO;CCO;CCO;CCO;CCO;CCO;CCO
m_8114e3,CCO;CCO;CCO;CCO;CCO;CCO;CCO;CCO;CCO;CCO;CCO;CCO;CCO;CCO;CCO;CCO;CCO;CCO;CCO;CCO;CCO;CCO;CCO;CCO;CCO
m_82f2e2,CCO;CCO;CCO;CCO;CCO;CCO;CCO;CCO;CCO;CCO;CCO;CCO;CCO;CCO;CCO;CCO;CCO;CCO;CCO;CCO;CCO;CCO;CCO;CCO;CCO
m_83ac87,CCO;CCO;CCO;CCO;CCO;CCO;CCO;CCO;CCO;CCO;CCO;CCO;CCO;CCO;CCO;CCO;CCO;CCO;CCO;CCO;CCO;CCO;CCO;CCO;CCO
m_83e861,CCO;CCO;CCO;CCO;CCO;CCO;CCO;CCO;CCO;CCO;CCO;CCO;CCO;CCO;CCO;CCO;CCO;CCO;CCO;CCO;CCO;CCO;CCO;CCO;CCO
m_83fdb3,CCO;CCO;CCO;CCO;CCO;CCO;CCO;CCO;CCO;CCO;CCO;CCO;CCO;CCO;CCO;CCO;CCO;CCO;CCO;CCO;CCO;CCO;CCO;CCO;CCO
m_847112,CCO;CCO;CCO;CCO;CCO;CCO;CCO;CCO;CCO;CCO;CCO;CCO;CCO;CCO;CCO;CCO;CCO;CCO;CCO;CCO;CCO;CCO;CCO;CCO;CCO
m_875d74,CCO;CCO;CCO;CCO;CCO;CCO;CCO;CCO;CCO;CCO;CCO;CCO;CCO;CCO;CCO;CCO;CCO;CCO;CCO;CCO;CCO;CCO;CCO;CCO;CCO
m_88505f,CCO;CCO;CCO;CCO;CCO;CCO;CCO;CCO;CCO;CCO;CCO;CCO;CCO;CCO;CCO;CCO;CCO;CCO;CCO;CCO;CCO;CCO;CCO;CCO;CCO
m_88a263,CCO;CCO;CCO;CCO;CCO;CCO;CCO;CCO;CCO;CCO;CCO;CCO;CCO;CCO;CCO;CCO;CCO;CCO;CCO;CCO;CCO;CCO;CCO;CCO;CCO
m_895051,CCO;CCO;CCO;CCO;CCO;CCO;CCO;CCO;CCO;CCO;CCO;CCO;CCO;CCO;CCO;CCO;CCO;CCO;CCO;CCO;CCO;CCO;CCO;CCO;CCO
m_89a6f2,CCO;CCO;CCO;CCO;CCO;CCO;CCO;CCO;CCO;CCO;CCO;CCO;CCO;CCO;CCO;CCO;CCO;CCO;CCO;CCO;CCO;CCO;CCO;CCO;CCO
m_89b9d2,CCO;CCO;CCO;CCO;CCO;CCO;CCO;CCO;CCO;CCO;CCO;CCO;CCO;CCO;CCO;CCO;CCO;CCO;CCO;CCO;CCO;CCO;CCO;CCO;CCO
m_8b6b8e,CCO;CCO;CCO;CCO;CCO;CCO;CCO;CCO;CCO;CCO;CCO;CCO;CCO;CCO;CCO;CCO;CCO;CCO;CCO;CCO;CCO;CCO;CCO;CCO;CCO
m_8bb047,CCO;CCO;CCO;CCO;CCO;CCO;CCO;CCO;CCO;CCO;CCO;CCO;CCO;CCO;CCO;CCO;CCO;CCO;CCO;CCO;CCO;CCO;CCO;CCO;CCO
m_8c72d4,CCO;CCO;CCO;CCO;CCO;CCO;CCO;CCO;CCO;CCO;CCO;CCO;CCO;CCO;CCO;CCO;CCO;CCO;CCO;CCO;CCO;CCO;CCO;CCO;CCO
m_8d19fa,CCO;CCO;CCO;CCO;CCO;CCO;CCO;CCO;CCO;CCO;CCO;CCO;CCO;CCO;CCO;CCO;CCO;CCO;CCO;CCO;CCO;CCO;CCO;CCO;CCO
m_8d374f,CCO;CCO;CCO;CCO;CCO;CCO;CCO;CCO;CCO;CCO;CCO;CCO;CCO;CCO;CCO;CCO;CCO;CCO;CCO;CCO;CCO;CCO;CCO;CCO;CCO
m_8d75c7,CCO;CCO;CCO;CCO;CCO;CCO;CCO;CCO;CCO;CCO;CCO;CCO;CCO;CCO;CCO;CCO;CCO;CCO;CCO;CCO;CCO;CCO;CCO;CCO;CCO
m_8db7e3,CCO;CCO;CCO;CCO;CCO;CCO;CCO;CCO;CCO;CCO;CCO;CCO;CCO;CCO;CCO;CCO;CCO;CCO;CCO;CCO;CCO;CCO;CCO;CCO;CCO
m_8e45f7,CCO;CCO;CCO;CCO;CCO;CCO;CCO;CCO;CCO;CCO;CCO;CCO;CCO;CCO;CCO;CCO;CCO;CCO;CCO;CCO;CCO;CCO;CCO;CCO;CCO
m_8eaf01,CCO;CCO;CCO;CCO;CCO;CCO;CCO;CCO;CCO;CCO;CCO;CCO;CCO;CCO;CCO;CCO;CCO;CCO;CCO;CCO;CCO;CCO;CCO;CCO;CCO
m_9068e1,CCO;CCO;CCO;CCO;CCO;CCO;CCO;CCO;CCO;CCO;CCO;CCO;CCO;CCO;CCO;CCO;CCO;CCO;CCO;CCO;CCO;CCO;CCO;CCO;CCO
m_907412,CCO;CCO;CCO;CCO;CCO;CCO;CCO;CCO;CCO;CCO;CCO;CCO;CCO;CCO;CCO;CCO;CCO;CCO;CCO;CCO;CCO;CCO;CCO;CCO;CCO
m_90baa7,CCO;CCO;CCO;CCO;CCO;CCO;CCO;CCO;CCO;CCO;CCO;CCO;CCO;CCO;CCO;CCO;CCO;CCO;CCO;CCO;CCO;CCO;CCO;CCO;CCO
m_91512a,CCO;CCO;CCO;CCO;CCO;CCO;CCO;CCO;CCO;CCO;CCO;CCO;CCO;CCO;CCO;CCO;CCO;CCO;CCO;CCO;CCO;CCO;CCO;CCO;CCO
m_916daf,CCO;CCO;CCO;CCO;CCO;CCO;CCO;CCO;CCO;CCO;CCO;CCO;CCO;CCO;CCO;CCO;CCO;CCO;CCO;CCO;CCO;CCO;CCO;CCO;CCO
m_921c43,CCO;CCO;CCO;CCO;CCO;CCO;CCO;CCO;CCO;CCO;CCO;CCO;CCO;CCO;CCO;CCO;CCO;CCO;CCO;CCO;CCO;CCO;CCO;CCO;CCO
m_930a3b,CCO;CCO;CCO;CCO;CCO;CCO;CCO;CCO;CCO;CCO;CCO;CCO;CCO;CCO;CCO;CCO;CCO;CCO;CCO;CCO;CCO;CCO;CCO;CCO;CCO
m_935b22,CCO;CCO;CCO;CCO;CCO;CCO;CCO;CCO;CCO;CCO;CCO;CCO;CCO;CCO;CCO;CCO;CCO;CCO;CCO;CCO;CCO;CCO;CCO;CCO;CCO
m_93b6a1,CCO;CCO;CCO;CCO;CCO;CCO;CCO;CCO;CCO;CCO;CCO;CCO;CCO;CCO;CCO;CCO;CCO;CCO;CCO;CCO;CCO;CCO;CCO;CCO;CCO
m_94a765,CCO;CCO;CCO;CCO;CCO;CCO;CCO;CCO;CCO;CCO;CCO;CCO;CCO;CCO;CCO;CCO;CCO;CCO;CCO;CCO;CCO;CCO;CCO;CCO;CCO
m_95e8da,CCO;CCO;CCO;CCO;CCO;CCO;CCO;CCO;CCO;CCO;CCO;CCO;CCO;CCO;CCO;CCO;CCO;CCO;CCO;CCO;CCO;CCO;CCO;CCO;CCO
m_966da0,CCO;CCO;CCO;CCO;CCO;CCO;CCO;CCO;CCO;CCO;CCO;CCO;CCO;CCO;CCO;CCO;CCO;CCO;CCO;CCO;CCO;CCO;CCO;CCO;CCO
m_97693a,CCO;CCO;CCO;CCO;CCO;CCO;CCO;CCO;CCO;CCO;CCO;CCO;CCO;CCO;CCO;CCO;CCO;CCO;CCO;CCO;CCO;CCO;CCO;CCO;CCO
m_97cca9,CCO;CCO;CCO;CCO;CCO;CCO;CCO;CCO;CCO;CCO;CCO;CCO;CCO;CCO;CCO;CCO;CCO;CCO;CCO;CCO;CCO;CCO;CCO;CCO;CCO
m_982aac,CCO;CCO;CCO;CCO;CCO;CCO;CCO;CCO;CCO;CCO;CCO;CCO;CCO;CCO;CCO;CCO;CCO;CCO;CCO;CCO;CCO;CCO;CCO;CCO;CCO
m_987cff,CCO;CCO;CCO;CCO;CCO;CCO;CCO;CCO;CCO;CCO;CCO;CCO;CCO;CCO;CCO;CCO;CCO;CCO;CCO;CCO;CCO;CCO;CCO;CCO;CCO
m_9910fd,CCO;CCO;CCO;CCO;CCO;CCO;CCO;CCO;CCO;CCO;CCO;CCO;CCO;CCO;CCO;CCO;CCO;CCO;CCO;CCO;CCO;CCO;CCO;CCO;CCO
m_997dbc,CCO;CCO;CCO;CCO;CCO;CCO;CCO;CCO;CCO;CCO;CCO;CCO;CCO;CCO;CCO;CCO;CCO;CCO;CCO;CCO;CCO;CCO;CCO;CCO;CCO
m_99e777,CCO;CCO;CCO;CCO;CCO;CCO;CCO;CCO;CCO;CCO;CCO;CCO;CCO;CCO;CCO;CCO;CCO;CCO;CCO;CCO;CCO;CCO;CCO;CCO;CCO
m_9b41d0,CCO;CCO;CCO;CCO;CCO;CCO;CCO;CCO;CCO;CCO;CCO;CCO;CCO;CCO;CCO;CCO;CCO;CCO;CCO;CCO;CCO;CCO;CCO;CCO;CCO
m_9b8030,CCO;CCO;CCO;CCO;CCO;CCO;CCO;CCO;CCO;CCO;CCO;CCO;CCO;CCO;CCO;CCO;CCO;CCO;CCO;CCO;CCO;CCO;CCO;CCO;CCO
m_9b95d4,CCO;CCO;CCO;CCO;CCO;CCO;CCO;CCO;CCO;CCO;CCO;CCO;CCO;CCO;CCO;CCO;CCO;CCO;CCO;CCO;CCO;CCO;CCO;CCO;CCO
m_9c4788,CCO;CCO;CCO;CCO;CCO;CCO;CCO;CCO;CCO;CCO;CCO;CCO;CCO;CCO;CCO;CCO;CCO;CCO;CCO;CCO;CCO;CCO;CCO;CCO;CCO
m_9dc5c4,CCO;CCO;CCO;CCO;CCO;CCO;CCO;CCO;CCO;CCO;CCO;CCO;CCO;CCO;CCO;CCO;CCO;CCO;CCO;CCO;CCO;CCO;CCO;CCO;CCO
m_9e99f7,CCO;CCO;CCO;CCO;CCO;CCO;CCO;CCO;CCO;CCO;CCO;CCO;CCO;CCO;CCO;CCO;CCO;CCO;CCO;CCO;CCO;CCO;CCO;CCO;CCO
m_9f1fb6,CCO;CCO;CCO;CCO;CCO;CCO;CCO;CCO;CCO;CCO;CCO;CCO;CCO;CCO;CCO;CCO;CCO;CCO;CCO;CCO;CCO;CCO;CCO;CCO;CCO
m_9fcc62,CCO;CCO;CCO;CCO;CCO;CCO;CCO;CCO;CCO;CCO;CCO;CCO;CCO;CCO;CCO;CCO;CCO;CCO;CCO;CCO;CCO;CCO;CCO;CCO;CCO
m_a06450,CCO;CCO;CCO;CCO;CCO;CCO;CCO;CCO;CCO;CCO;CCO;CCO;CCO;CCO;CCO;CCO;CCO;CCO;CCO;CCO;CCO;CCO;CCO;CCO;CCO
m_a0edff,CCO;CCO;CCO;CCO;CCO;CCO;CCO;CCO;CCO;CCO;CCO;CCO;CCO;CCO;CCO;CCO;CCO;CCO;CCO;CCO;CCO;CCO;CCO;CCO;CCO
m_a12514,CCO;CCO;CCO;CCO;CCO;CCO;CCO;CCO;CCO;CCO;CCO;CCO;CCO;CCO;CCO;CCO;CCO;CCO;CCO;CCO;CCO;CCO;CCO;CCO;CCO
m_a3c949,CCO;CCO;CCO;CCO;CCO;CCO;CCO;CCO;CCO;CCO;CCO;CCO;CCO;CCO;CCO;CCO;CCO;CCO;CCO;CCO;CCO;CCO;CCO;CCO;CCO
m_a5509a,CCO;CCO;CCO;CCO;CCO;CCO;CCO;CCO;CCO;CCO;CCO;CCO;CCO;CCO;CCO;CCO;CCO;CCO;CCO;CCO;CCO;CCO;CCO;CCO;CCO
m_a5bb0e,CCO;CCO;CCO;CCO;CCO;CCO;CCO;CCO;CCO;CCO;CCO;CCO;CCO;CCO;CCO;CCO;CCO;CCO;CCO;CCO;CCO;CCO;CCO;CCO;CCO
m_a5d8e5,CCO;CCO;CCO;CCO;CCO;CCO;CCO;CCO;CCO;CCO;CCO;CCO;CCO;CCO;CCO;CCO;CCO;CCO;CCO;CCO;CCO;CCO;CCO;CCO;CCO
m_a87b11,CCO;CCO;CCO;CCO;CCO;CCO;CCO;CCO;CCO;CCO;CCO;CCO;CCO;CCO;CCO;CCO;CCO;CCO;CCO;CCO;CCO;CCO;CCO;CCO;CCO
m_a94f72,CCO;CCO;CCO;CCO;CCO;CCO;CCO;CCO;CCO;CCO;CCO;CCO;CCO;CCO;CCO;CCO;CCO;CCO;CCO;CCO;CCO;CCO;CCO;CCO;CCO
m_a98076,CCO;CCO;CCO;CCO;CCO;CCO;CCO;CCO;CCO;CCO;CCO;CCO;CCO;CCO;CCO;CCO;CCO;CCO;CCO;CCO;CCO;CCO;CCO;CCO;CCO
m_aa5754,CCO;CCO;CCO;CCO;CCO;CCO;CCO;CCO;CCO;CCO;CCO;CCO;CCO;CCO;CCO;CCO;CCO;CCO;CCO;CCO;CCO;CCO;CCO;CCO;CCO
m_ab3260,CCO;CCO;CCO;CCO;CCO;CCO;CCO;CCO;CCO;CCO;CCO;CCO;CCO;CCO;CCO;CCO;CCO;CCO;CCO;CCO;CCO;CCO;CCO;CCO;CCO
m_ab91a8,CCO;CCO;CCO;CCO;CCO;CCO;CCO;CCO;CCO;CCO;CCO;CCO;CCO;CCO;CCO;CCO;CCO;CCO;CCO;CCO;CCO;CCO;CCO;CCO;CCO
m_abbd02,CCO;CCO;CCO;CCO;CCO;CCO;CCO;CCO;CCO;CCO;CCO;CCO;CCO;CCO;CCO;CCO;CCO;CCO;CCO;CCO;CCO;CCO;CCO;CCO;CCO
m_acdfec,CCO;CCO;CCO;CCO;CCO;CCO;CCO;CCO;CCO;CCO;CCO;CCO;CCO;CCO;CCO;CCO;CCO;CCO;CCO;CCO;CCO;CCO;CCO;CCO;CCO
m_ace790,CCO;CCO;CCO;CCO;CCO;CCO;CCO;CCO;CCO;CCO;CCO;CCO;CCO;CCO;CCO;CCO;CCO;CCO;CCO;CCO;CCO;CCO;CCO;CCO;CCO
m_acfc1e,CCO;CCO;CCO;CCO;CCO;CCO;CCO;CCO;CCO;CCO;CCO;CCO;CCO;CCO;CCO;CCO;CCO;CCO;CCO;CCO;CCO;CCO;CCO;CCO;CCO
m_aec773,CCO;CCO;CCO;CCO;CCO;CCO;CCO;CCO;CCO;CCO;CCO;CCO;CCO;CCO;CCO;CCO;CCO;CCO;CCO;CCO;CCO;CCO;CCO;CCO;CCO
m_aef2b4,CCO;CCO;CCO;CCO;CCO;CCO;CCO;CCO;CCO;CCO;CCO;CCO;CCO;CCO;CCO;CCO;CCO;CCO;CCO;CCO;CCO;CCO;CCO;CCO;CCO
m_b047da,CCO;CCO;CCO;CCO;CCO;CCO;CCO;CCO;CCO;CCO;CCO;CCO;CCO;CCO;CCO;CCO;CCO;CCO;CCO;CCO;CCO;CCO;CCO;CCO;CCO
m_b084eb,CCO;CCO;CCO;CCO;CCO;CCO;CCO;CCO;CCO;CCO;CCO;CCO;CCO;CCO;CCO;CCO;CCO;CCO;CCO;CCO;CCO;CCO;CCO;CCO;CCO
m_b0ce2a,CCO;CCO;CCO;CCO;CCO;CCO;CCO;CCO;CCO;CCO;CCO;CCO;CCO;CCO;CCO;CCO;CCO;CCO;CCO;CCO;CCO;CCO;CCO;CCO;CCO
m_b11a90,CCO;CCO;CCO;CCO;CCO;CCO;CCO;CCO;CCO;CCO;CCO;CCO;CCO;CCO;CCO;CCO;CCO;CCO;CCO;CCO;CCO;CCO;CCO;CCO;CCO
m_b4039c,CCO;CCO;CCO;CCO;CCO;CCO;CCO;CCO;CCO;CCO;CCO;CCO;CCO;CCO;CCO;CCO;CCO;CCO;CCO;CCO;CCO;CCO;CCO;CCO;CCO
m_b43690,CCO;CCO;CCO;CCO;CCO;CCO;CCO;CCO;CCO;CCO;CCO;CCO;CCO;CCO;CCO;CCO;CCO;CCO;CCO;CCO;CCO;CCO;CCO;CCO;CCO
m_b51204,CCO;CCO;CCO;CCO;CCO;CCO;CCO;CCO;CCO;CCO;CCO;CCO;CCO;CCO;CCO;CCO;CCO;CCO;CCO;CCO;CCO;CCO;CCO;CCO;CCO
m_b53b6e,CCO;CCO;CCO;CCO;CCO;CCO;CCO;CCO;CCO;CCO;CCO;CCO;CCO;CCO;CCO;CCO;CCO;CCO;CCO;CCO;CCO;CCO;CCO;CCO;CCO
m_b6b7fe,CCO;CCO;CCO;CCO;CCO;CCO;CCO;CCO;CCO;CCO;CCO;CCO;CCO;CCO;CCO;CCO;CCO;CCO;CCO;CCO;CCO;CCO;CCO;CCO;CCO
m_b70863,CCO;CCO;CCO;CCO;CCO;CCO;CCO;CCO;CCO;CCO;CCO;CCO;CCO;CCO;CCO;CCO;CCO;CCO;CCO;CCO;CCO;CCO;CCO;CCO;CCO
m_b7be8a,CCO;CCO;CCO;CCO;CCO;CCO;CCO;CCO;CCO;CCO;CCO;CCO;CCO;CCO;CCO;CCO;CCO;CCO;CCO;CCO;CCO;CCO;CCO;CCO;CCO
m_b7d932,CCO;CCO;CCO;CCO;CCO;CCO;CCO;CCO;CCO;CCO;CCO;CCO;CCO;CCO;CCO;CCO;CCO;CCO;CCO;CCO;CCO;CCO;CCO;CCO;CCO
m_b81b9d,CCO;CCO;CCO;CCO;CCO;CCO;CCO;CCO;CCO;CCO;CCO;CCO;CCO;CCO;CCO;CCO;CCO;CCO;CCO;CCO;CCO;CCO;CCO;CCO;CCO
m_b8415b,CCO;CCO;CCO;CCO;CCO;CCO;CCO;CCO;CCO;CCO;CCO;CCO;CCO;CCO;CCO;CCO;CCO;CCO;CCO;CCO;CCO;CCO;CCO;CCO;CCO
m_b8a6f4,CCO;CCO;CCO;CCO;CCO;CCO;CCO;CCO;CCO;CCO;CCO;CCO;CCO;CCO;CCO;CCO;CCO;CCO;CCO;CCO;CCO;CCO;CCO;CCO;CCO
m_b8f328,CCO;CCO;CCO;CCO;CCO;CCO;CCO;CCO;CCO;CCO;CCO;CCO;CCO;CCO;CCO;CCO;CCO;CCO;CCO;CCO;CCO;CCO;CCO;CCO;CCO
m_b9f2b4,CCO;CCO;CCO;CCO;CCO;CCO;CCO;CCO;CCO;CCO;CCO;CCO;CCO;CCO;CCO;CCO;CCO;CCO;CCO;CCO;CCO;CCO;CCO;CCO;CCO
m_baccbd,CCO;CCO;CCO;CCO;CCO;CCO;CCO;CCO;CCO;CCO;CCO;CCO;CCO;CCO;CCO;CCO;CCO;CCO;CCO;CCO;CCO;CCO;CCO;CCO;CCO
m_bb75e4,CCO;CCO;CCO;CCO;CCO;CCO;CCO;CCO;CCO;CCO;CCO;CCO;CCO;CCO;CCO;CCO;CCO;CCO;CCO;CCO;CCO;CCO;CCO;CCO;CCO
m_bbb21f,CCO;CCO;CCO;CCO;CCO;CCO;CCO;CCO;CCO;CCO;CCO;CCO;CCO;CCO;CCO;CCO;CCO;CCO;CCO;CCO;CCO;CCO;CCO;CCO;CCO
m_bbc0aa,CCO;CCO;CCO;CCO;CCO;CCO;CCO;CCO;CCO;CCO;CCO;CCO;CCO;CCO;CCO;CCO;CCO;CCO;CCO;CCO;CCO;CCO;CCO;CCO;CCO
m_bcb981,CCO;CCO;CCO;CCO;CCO;CCO;CCO;CCO;CCO;CCO;CCO;CCO;CCO;CCO;CCO;CCO;CCO;CCO;CCO;CCO;CCO;CCO;CCO;CCO;CCO
m_bcd97d,CCO;CCO;CCO;CCO;CCO;CCO;CCO;CCO;CCO;CCO;CCO;CCO;CCO;CCO;CCO;CCO;CCO;CCO;CCO;CCO;CCO;CCO;CCO;CCO;CCO
m_bcdd81,CCO;CCO;CCO;CCO;CCO;CCO;CCO;CCO;CCO;CCO;CCO;CCO;CCO;CCO;CCO;CCO;CCO;CCO;CCO;CCO;CCO;CCO;CCO;CCO;CCO
m_bd0de9,CCO;CCO;CCO;CCO;CCO;CCO;CCO;CCO;CCO;CCO;CCO;CCO;CCO;CCO;CCO;CCO;CCO;CCO;CCO;CCO;CCO;CCO;CCO;CCO;CCO
m_bd907b,CCO;CCO;CCO;CCO;CCO;CCO;CCO;CCO;CCO;CCO;CCO;CCO;CCO;CCO;CCO;CCO;CCO;CCO;CCO;CCO;CCO;CCO;CCO;CCO;CCO
m_bda18e,CCO;CCO;CCO;CCO;CCO;CCO;CCO;CCO;CCO;CCO;CCO;CCO;CCO;CCO;CCO;CCO;CCO;CCO;CCO;CCO;CCO;CCO;CCO;CCO;CCO
m_bf639c,CCO;CCO;CCO;CCO;CCO;CCO;CCO;CCO;CCO;CCO;CCO;CCO;CCO;CCO;CCO;CCO;CCO;CCO;CCO;CCO;CCO;CCO;CCO;CCO;CCO
m_bf6cfe,CCO;CCO;CCO;CCO;CCO;CCO;CCO;CCO;CCO;CCO;CCO;CCO;CCO;CCO;CCO;CCO;CCO;CCO;CCO;CCO;CCO;CCO;CCO;CCO;CCO
m_c1b10a,CCO;CCO;CCO;CCO;CCO;CCO;CCO;CCO;CCO;CCO;CCO;CCO;CCO;CCO;CCO;CCO;CCO;CCO;CCO;CCO;CCO;CCO;CCO;CCO;CCO
m_c1ec62,CCO;CCO;CCO;CCO;CCO;CCO;CCO;CCO;CCO;CCO;CCO;CCO;CCO;CCO;CCO;CCO;CCO;CCO;CCO;CCO;CCO;CCO;CCO;CCO;CCO
m_c2176f,CCO;CCO;CCO;CCO;CCO;CCO;CCO;CCO;CCO;CCO;CCO;CCO;CCO;CCO;CCO;CCO;CCO;CCO;CCO;CCO;CCO;CCO;CCO;CCO;CCO
m_c2313f,CCO;CCO;CCO;CCO;CCO;CCO;CCO;CCO;CCO;CCO;CCO;CCO;CCO;CCO;CCO;CCO;CCO;CCO;CCO;CCO;CCO;CCO;CCO;CCO;CCO
m_c30e40,CCO;CCO;CCO;CCO;CCO;CCO;CCO;CCO;CCO;CCO;CCO;CCO;CCO;CCO;CCO;CCO;CCO;CCO;CCO;CCO;CCO;CCO;CCO;CCO;CCO
m_c3e52e,CCO;CCO;CCO;CCO;CCO;CCO;CCO;CCO;CCO;CCO;CCO;CCO;CCO;CCO;CCO;CCO;CCO;CCO;CCO;CCO;CCO;CCO;CCO;CCO;CCO
m_c50497,CCO;CCO;CCO;CCO;CCO;CCO;CCO;CCO;CCO;CCO;CCO;CCO;CCO;CCO;CCO;CCO;CCO;CCO;CCO;CCO;CCO;CCO;CCO;CCO;CCO
m_c567df,CCO;CCO;CCO;CCO;CCO;CCO;CCO;CCO;CCO;CCO;CCO;CCO;CCO;CCO;CCO;CCO;CCO;CCO;CCO;CCO;CCO;CCO;CCO;CCO;CCO
m_c57b9d,CCO;CCO;CCO;CCO;CCO;CCO;CCO;CCO;CCO;CCO;CCO;CCO;CCO;CCO;CCO;CCO;CCO;CCO;CCO;CCO;CCO;CCO;CCO;CCO;CCO
m_c63e89,CCO;CCO;CCO;CCO;CCO;CCO;CCO;CCO;CCO;CCO;CCO;CCO;CCO;CCO;CCO;CCO;CCO;CCO;CCO;CCO;CCO;CCO;CCO;CCO;CCO
m_c772b8,CCO;CCO;CCO;CCO;CCO;CCO;CCO;CCO;CCO;CCO;CCO;CCO;CCO;CCO;CCO;CCO;CCO;CCO;CCO;CCO;CCO;CCO;CCO;CCO;CCO
m_c886af,CCO;CCO;CCO;CCO;CCO;CCO;CCO;CCO;CCO;CCO;CCO;CCO;CCO;CCO;CCO;CCO;CCO;CCO;CCO;CCO;CCO;CCO;CCO;CCO;CCO
m_c8934f,CCO;CCO;CCO;CCO;CCO;CCO;CCO;CCO;CCO;CCO;CCO;CCO;CCO;CCO;CCO;CCO;CCO;CCO;CCO;CCO;CCO;CCO;CCO;CCO;CCO
m_c89ffd,CCO;CCO;CCO;CCO;CCO;CCO;CCO;CCO;CCO;CCO;CCO;CCO;CCO;CCO;CCO;CCO;CCO;CCO;CCO;CCO;CCO;CCO;CCO;CCO;CCO
m_c933b7,CCO;CCO;CCO;CCO;CCO;CCO;CCO;CCO;CCO;CCO;CCO;CCO;CCO;CCO;CCO;CCO;CCO;CCO;CCO;CCO;CCO;CCO;CCO;CCO;CCO
m_c9a4bc,CCO;CCO;CCO;CCO;CCO;CCO;CCO;CCO;CCO;CCO;CCO;CCO;CCO;CCO;CCO;CCO;CCO;CCO;CCO;CCO;CCO;CCO;CCO;CCO;CCO
m_c9c302,CCO;CCO;CCO;CCO;CCO;CCO;CCO;CCO;CCO;CCO;CCO;CCO;CCO;CCO;CCO;CCO;CCO;CCO;CCO;CCO;CCO;CCO;CCO;CCO;CCO
m_c9c422,CCO;CCO;CCO;CCO;CCO;CCO;CCO;CCO;CCO;CCO;CCO;CCO;CCO;CCO;CCO;CCO;CCO;CCO;CCO;CCO;CCO;CCO;CCO;CCO;CCO
m_cad5a6,CCO;CCO;CCO;CCO;CCO;CCO;CCO;CCO;CCO;CCO;CCO;CCO;CCO;CCO;CCO;CCO;CCO;CCO;CCO;CCO;CCO;CCO;CCO;CCO;CCO
m_cc35ab,CCO;CCO;CCO;CCO;CCO;CCO;CCO;CCO;CCO;CCO;CCO;CCO;CCO;CCO;CCO;CCO;CCO;CCO;CCO;CCO;CCO;CCO;CCO;CCO;CCO
m_cc95e9,CCO;CCO;CCO;CCO;CCO;CCO;CCO;CCO;CCO;CCO;CCO;CCO;CCO;CCO;CCO;CCO;CCO;CCO;CCO;CCO;CCO;CCO;CCO;CCO;CCO
m_cd50d8,CCO;CCO;CCO;CCO;CCO;CCO;CCO;CCO;CCO;CCO;CCO;CCO;CCO;CCO;CCO;CCO;CCO;CCO;CCO;CCO;CCO;CCO;CCO;CCO;CCO
m_cd6458,CCO;CCO;CCO;CCO;CCO;CCO;CCO;CCO;CCO;CCO;CCO;CCO;CCO;CCO;CCO;CCO;CCO;CCO;CCO;CCO;CCO;CCO;CCO;CCO;CCO
m_ce56d4,CCO;CCO;CCO;CCO;CCO;CCO;CCO;CCO;CCO;CCO;CCO;CCO;CCO;CCO;CCO;CCO;CCO;CCO;CCO;CCO;CCO;CCO;CCO;CCO;CCO
m_ced31c,CCO;CCO;CCO;CCO;CCO;CCO;CCO;CCO;CCO;CCO;CCO;CCO;CCO;CCO;CCO;CCO;CCO;CCO;CCO;CCO;CCO;CCO;CCO;CCO;CCO
m_cfb3df,CCO;CCO;CCO;CCO;CCO;CCO;CCO;CCO;CCO;CCO;CCO;CCO;CCO;CCO;CCO;CCO;CCO;CCO;CCO;CCO;CCO;CCO;CCO;CCO;CCO
m_d01f54,CCO;CCO;CCO;CCO;CCO;CCO;CCO;CCO;CCO;CCO;CCO;CCO;CCO;CCO;CCO;CCO;CCO;CCO;CCO;CCO;CCO;CCO;CCO;CCO;CCO
m_d07b86,CCO;CCO;CCO;CCO;CCO;CCO;CCO;CCO;CCO;CCO;CCO;CCO;CCO;CCO;CCO;CCO;CCO;CCO;CCO;CCO;CCO;CCO;CCO;CCO;CCO
m_d1e5ef,CCO;CCO;CCO;CCO;CCO;CCO;CCO;CCO;CCO;CCO;CCO;CCO;CCO;CCO;CCO;CCO;CCO;CCO;CCO;CCO;CCO;CCO;CCO;CCO;CCO
m_d1ecad,CCO;CCO;CCO;CCO;CCO;CCO;CCO;CCO;CCO;CCO;CCO;CCO;CCO;CCO;CCO;CCO;CCO;CCO;CCO;CCO;CCO;CCO;CCO;CCO;CCO
m_d258c4,CCO;CCO;CCO;CCO;CCO;CCO;CCO;CCO;CCO;CCO;CCO;CCO;CCO;CCO;CCO;CCO;CCO;CCO;CCO;CCO;CCO;CCO;CCO;CCO;CCO
m_d274b6,CCO;CCO;CCO;CCO;CCO;CCO;CCO;CCO;CCO;CCO;CCO;CCO;CCO;CCO;CCO;CCO;CCO;CCO;CCO;CCO;CCO;CCO;CCO;CCO;CCO
m_d3998e,CCO;CCO;CCO;CCO;CCO;CCO;CCO;CCO;CCO;CCO;CCO;CCO;CCO;CCO;CCO;CCO;CCO;CCO;CCO;CCO;CCO;CCO;CCO;CCO;CCO
m_d4c45b,CCO;CCO;CCO;CCO;CCO;CCO;CCO;CCO;CCO;CCO;CCO;CCO;CCO;CCO;CCO;CCO;CCO;CCO;CCO;CCO;CCO;CCO;CCO;CCO;CCO
m_d56a4e,CCO;CCO;CCO;CCO;CCO;CCO;CCO;CCO;CCO;CCO;CCO;CCO;CCO;CCO;CCO;CCO;CCO;CCO;CCO;CCO;CCO;CCO;CCO;CCO;CCO
m_d6c1c0,CCO;CCO;CCO;CCO;CCO;CCO;CCO;CCO;CCO;CCO;CCO;CCO;CCO;CCO;CCO;CCO;CCO;CCO;CCO;CCO;CCO;CCO;CCO;CCO;CCO
m_d74296,CCO;CCO;CCO;CCO;CCO;CCO;CCO;CCO;CCO;CCO;CCO;CCO;CCO;CCO;CCO;CCO;CCO;CCO;CCO;CCO;CCO;CCO;CCO;CCO;CCO
m_d7ad1b,CCO;CCO;CCO;CCO;CCO;CCO;CCO;CCO;CCO;CCO;CCO;CCO;CCO;CCO;CCO;CCO;CCO;CCO;CCO;CCO;CCO;CCO;CCO;CCO;CCO
m_d7ecc5,CCO;CCO;CCO;CCO;CCO;CCO;CCO;CCO;CCO;CCO;CCO;CCO;CCO;CCO;CCO;CCO;CCO;CCO;CCO;CCO;CCO;CCO;CCO;CCO;CCO
m_d86693,CCO;CCO;CCO;CCO;CCO;CCO;CCO;CCO;CCO;CCO;CCO;CCO;CCO;CCO;CCO;CCO;CCO;CCO;CCO;CCO;CCO;CCO;CCO;CCO;CCO
m_d90c36,CCO;CCO;CCO;CCO;CCO;CCO;CCO;CCO;CCO;CCO;CCO;CCO;CCO;CCO;CCO;CCO;CCO;CCO;CCO;CCO;CCO;CCO;CCO;CCO;CCO
m_daf5f1,CCO;CCO;CCO;CCO;CCO;CCO;CCO;CCO;CCO;CCO;CCO;CCO;CCO;CCO;CCO;CCO;CCO;CCO;CCO;CCO;CCO;CCO;CCO;CCO;CCO
m_db2018,CCO;CCO;CCO;CCO;CCO;CCO;CCO;CCO;CCO;CCO;CCO;CCO;CCO;CCO;CCO;CCO;CCO;CCO;CCO;CCO;CCO;CCO;CCO;CCO;CCO
m_db2c0e,CCO;CCO;CCO;CCO;CCO;CCO;CCO;CCO;CCO;CCO;CCO;CCO;CCO;CCO;CCO;CCO;CCO;CCO;CCO;CCO;CCO;CCO;CCO;CCO;CCO
m_dbd1b2,CCO;CCO;CCO;CCO;CCO;CCO;CCO;CCO;CCO;CCO;CCO;CCO;CCO;CCO;CCO;CCO;CCO;CCO;CCO;CCO;CCO;CCO;CCO;CCO;CCO
m_dbd5d0,CCO;CCO;CCO;CCO;CCO;CCO;CCO;CCO;CCO;CCO;CCO;CCO;CCO;CCO;CCO;CCO;CCO;CCO;CCO;CCO;CCO;CCO;CCO;CCO;CCO
m_dc5eb2,CCO;CCO;CCO;CCO;CCO;CCO;CCO;CCO;CCO;CCO;CCO;CCO;CCO;CCO;CCO;CCO;CCO;CCO;CCO;CCO;CCO;CCO;CCO;CCO;CCO
m_dc7be7,CCO;CCO;CCO;CCO;CCO;CCO;CCO;CCO;CCO;CCO;CCO;CCO;CCO;CCO;CCO;CCO;CCO;CCO;CCO;CCO;CCO;CCO;CCO;CCO;CCO
m_dd5487,CCO;CCO;CCO;CCO;CCO;CCO;CCO;CCO;CCO;CCO;CCO;CCO;CCO;CCO;CCO;CCO;CCO;CCO;CCO;CCO;CCO;CCO;CCO;CCO;CCO
m_de93b1,CCO;CCO;CCO;CCO;CCO;CCO;CCO;CCO;CCO;CCO;CCO;CCO;CCO;CCO;CCO;CCO;CCO;CCO;CCO;CCO;CCO;CCO;CCO;CCO;CCO
m_ded5eb,CCO;CCO;CCO;CCO;CCO;CCO;CCO;CCO;CCO;CCO;CCO;CCO;CCO;CCO;CCO;CCO;CCO;CCO;CCO;CCO;CCO;CCO;CCO;CCO;CCO
m_e138be,CCO;CCO;CCO;CCO;CCO;CCO;CCO;CCO;CCO;CCO;CCO;CCO;CCO;CCO;CCO;CCO;CCO;CCO;CCO;CCO;CCO;CCO;CCO;CCO;CCO
m_e17598,CCO;CCO;CCO;CCO;CCO;CCO;CCO;CCO;CCO;CCO;CCO;CCO;CCO;CCO;CCO;CCO;CCO;CCO;CCO;CCO;CCO;CCO;CCO;CCO;CCO
m_e1bfd4,CCO;CCO;CCO;CCO;CCO;CCO;CCO;CCO;CCO;CCO;CCO;CCO;CCO;CCO;CCO;CCO;CCO;CCO;CCO;CCO;CCO;CCO;CCO;CCO;CCO
m_e1d7ad,CCO;CCO;CCO;CCO;CCO;CCO;CCO;CCO;CCO;CCO;CCO;CCO;CCO;CCO;CCO;CCO;CCO;CCO;CCO;CCO;CCO;CCO;CCO;CCO;CCO
m_e1f9f4,CCO;CCO;CCO;CCO;CCO;CCO;CCO;CCO;CCO;CCO;CCO;CCO;CCO;CCO;CCO;CCO;CCO;CCO;CCO;CCO;CCO;CCO;CCO;CCO;CCO
m_e2993b,CCO;CCO;CCO;CCO;CCO;CCO;CCO;CCO;CCO;CCO;CCO;CCO;CCO;CCO;CCO;CCO;CCO;CCO;CCO;CCO;CCO;CCO;CCO;CCO;CCO
m_e3b936,CCO;CCO;CCO;CCO;CCO;CCO;CCO;CCO;CCO;CCO;CCO;CCO;CCO;CCO;CCO;CCO;CCO;CCO;CCO;CCO;CCO;CCO;CCO;CCO;CCO
m_e44302,CCO;CCO;CCO;CCO;CCO;CCO;CCO;CCO;CCO;CCO;CCO;CCO;CCO;CCO;CCO;CCO;CCO;CCO;CCO;CCO;CCO;CCO;CCO;CCO;CCO
m_e4865d,CCO;CCO;CCO;CCO;CCO;CCO;CCO;CCO;CCO;CCO;CCO;CCO;CCO;CCO;CCO;CCO;CCO;CCO;CCO;CCO;CCO;CCO;CCO;CCO;CCO
m_e5050e,CCO;CCO;CCO;CCO;CCO;CCO;CCO;CCO;CCO;CCO;CCO;CCO;CCO;CCO;CCO;CCO;CCO;CCO;CCO;CCO;CCO;CCO;CCO;CCO;CCO
m_e58af8,CCO;CCO;CCO;CCO;CCO;CCO;CCO;CCO;CCO;CCO;CCO;CCO;CCO;CCO;CCO;CCO;CCO;CCO;CCO;CCO;CCO;CCO;CCO;CCO;CCO
m_e5b5fa,CCO;CCO;CCO;CCO;CCO;CCO;CCO;CCO;CCO;CCO;CCO;CCO;CCO;CCO;CCO;CCO;CCO;CCO;CCO;CCO;CCO;CCO;CCO;CCO;CCO
m_e6b2c8,CCO;CCO;CCO;CCO;CCO;CCO;CCO;CCO;CCO;CCO;CCO;CCO;CCO;CCO;CCO;CCO;CCO;CCO;CCO;CCO;CCO;CCO;CCO;CCO;CCO
m_e6bed4,CCO;CCO;CCO;CCO;CCO;CCO;CCO;CCO;CCO;CCO;CCO;CCO;CCO;CCO;CCO;CCO;CCO;CCO;CCO;CCO;CCO;CCO;CCO;CCO;CCO
m_e73d71,CCO;CCO;CCO;CCO;CCO;CCO;CCO;CCO;CCO;CCO;CCO;CCO;CCO;CCO;CCO;CCO;CCO;CCO;CCO;CCO;CCO;CCO;CCO;CCO;CCO
m_e77f56,CCO;CCO;CCO;CCO;CCO;CCO;CCO;CCO;CCO;CCO;CCO;CCO;CCO;CCO;CCO;CCO;CCO;CCO;CCO;CCO;CCO;CCO;CCO;CCO;CCO
m_e7af25,CCO;CCO;CCO;CCO;CCO;CCO;CCO;CCO;CCO;CCO;CCO;CCO;CCO;CCO;CCO;CCO;CCO;CCO;CCO;CCO;CCO;CCO;CCO;CCO;CCO
m_e80818,CCO;CCO;CCO;CCO;CCO;CCO;CCO;CCO;CCO;CCO;CCO;CCO;CCO;CCO;CCO;CCO;CCO;CCO;CCO;CCO;CCO;CCO;CCO;CCO;CCO
m_e8359d,CCO;CCO;CCO;CCO;CCO;CCO;CCO;CCO;CCO;CCO;CCO;CCO;CCO;CCO;CCO;CCO;CCO;CCO;CCO;CCO;CCO;CCO;CCO;CCO;CCO
m_e8d835,CCO;CCO;CCO;CCO;CCO;CCO;CCO;CCO;CCO;CCO;CCO;CCO;CCO;CCO;CCO;CCO;CCO;CCO;CCO;CCO;CCO;CCO;CCO;CCO;CCO
m_e993ec,CCO;CCO;CCO;CCO;CCO;CCO;CCO;CCO;CCO;CCO;CCO;CCO;CCO;CCO;CCO;CCO;CCO;CCO;CCO;CCO;CCO;CCO;CCO;CCO;CCO
m_ea2f71,CCO;CCO;CCO;CCO;CCO;CCO;CCO;CCO;CCO;CCO;CCO;CCO;CCO;CCO;CCO;CCO;CCO;CCO;CCO;CCO;CCO;CCO;CCO;CCO;CCO
m_ea7270,CCO;CCO;CCO;CCO;CCO;CCO;CCO;CCO;CCO;CCO;CCO;CCO;CCO;CCO;CCO;CCO;CCO;CCO;CCO;CCO;CCO;CCO;CCO;CCO;CCO
m_eaecd7,CCO;CCO;CCO;CCO;CCO;CCO;CCO;CCO;CCO;CCO;CCO;CCO;CCO;CCO;CCO;CCO;CCO;CCO;CCO;CCO;CCO;CCO;CCO;CCO;CCO
m_ebcb8a,CCO;CCO;CCO;CCO;CCO;CCO;CCO;CCO;CCO;CCO;CCO;CCO;CCO;CCO;CCO;CCO;CCO;CCO;CCO;CCO;CCO;CCO;CCO;CCO;CCO
m_ec2936,CCO;CCO;CCO;CCO;CCO;CCO;CCO;CCO;CCO;CCO;CCO;CCO;CCO;CCO;CCO;CCO;CCO;CCO;CCO;CCO;CCO;CCO;CCO;CCO;CCO
m_ec5045,CCO;CCO;CCO;CCO;CCO;CCO;CCO;CCO;CCO;CCO;CCO;CCO;CCO;CCO;CCO;CCO;CCO;CCO;CCO;CCO;CCO;CCO;CCO;CCO;CCO
m_ec755b,CCO;CCO;CCO;CCO;CCO;CCO;CCO;CCO;CCO;CCO;CCO;CCO;CCO;CCO;CCO;CCO;CCO;CCO;CCO;CCO;CCO;CCO;CCO;CCO;CCO
m_ecbfb5,CCO;CCO;CCO;CCO;CCO;CCO;CCO;CCO;CCO;CCO;CCO;CCO;CCO;CCO;CCO;CCO;CCO;CCO;CCO;CCO;CCO;CCO;CCO;CCO;CCO
m_ed201b,CCO;CCO;CCO;CCO;CCO;CCO;CCO;CCO;CCO;CCO;CCO;CCO;CCO;CCO;CCO;CCO;CCO;CCO;CCO;CCO;CCO;CCO;CCO;CCO;CCO
m_edaa12,CCO;CCO;CCO;CCO;CCO;CCO;CCO;CCO;CCO;CCO;CCO;CCO;CCO;CCO;CCO;CCO;CCO;CCO;CCO;CCO;CCO;CCO;CCO;CCO;CCO
m_edccdd,CCO;CCO;CCO;CCO;CCO;CCO;CCO;CCO;CCO;CCO;CCO;CCO;CCO;CCO;CCO;CCO;CCO;CCO;CCO;CCO;CCO;CCO;CCO;CCO;CCO
m_edd5cd,CCO;CCO;CCO;CCO;CCO;CCO;CCO;CCO;CCO;CCO;CCO;CCO;CCO;CCO;CCO;CCO;CCO;CCO;CCO;CCO;CCO;CCO;CCO;CCO;CCO
m_eff2fa,CCO;CCO;CCO;CCO;CCO;CCO;CCO;CCO;CCO;CCO;CCO;CCO;CCO;CCO;CCO;CCO;CCO;CCO;CCO;CCO;CCO;CCO;CCO;CCO;CCO
m_f0bee0,CCO;CCO;CCO;CCO;CCO;CCO;CCO;CCO;CCO;CCO;CCO;CCO;CCO;CCO;CCO;CCO;CCO;CCO;CCO;CCO;CCO;CCO;CCO;CCO;CCO
m_f10ba9,CCO;CCO;CCO;CCO;CCO;CCO;CCO;CCO;CCO;CCO;CCO;CCO;CCO;CCO;CCO;CCO;CCO;CCO;CCO;CCO;CCO;CCO;CCO;CCO;CCO
m_f1a045,CCO;CCO;CCO;CCO;CCO;CCO;CCO;CCO;CCO;CCO;CCO;CCO;CCO;CCO;CCO;CCO;CCO;CCO;CCO;CCO;CCO;CCO;CCO;CCO;CCO
m_f22b14,CCO;CCO;CCO;CCO;CCO;CCO;CCO;CCO;CCO;CCO;CCO;CCO;CCO;CCO;CCO;CCO;CCO;CCO;CCO;CCO;CCO;CCO;CCO;CCO;CCO
m_f22bed,CCO;CCO;CCO;CCO;CCO;CCO;CCO;CCO;CCO;CCO;CCO;CCO;CCO;CCO;CCO;CCO;CCO;CCO;CCO;CCO;CCO;CCO;CCO;CCO;CCO
m_f24d72,CCO;CCO;CCO;CCO;CCO;CCO;CCO;CCO;CCO;CCO;CCO;CCO;CCO;CCO;CCO;CCO;CCO;CCO;CCO;CCO;CCO;CCO;CCO;CCO;CCO
m_f2d901,CCO;CCO;CCO;CCO;CCO;CCO;CCO;CCO;CCO;CCO;CCO;CCO;CCO;CCO;CCO;CCO;CCO;CCO;CCO;CCO;CCO;CCO;CCO;CCO;CCO
m_f55e93,CCO;CCO;CCO;CCO;CCO;CCO;CCO;CCO;CCO;CCO;CCO;CCO;CCO;CCO;CCO;CCO;CCO;CCO;CCO;CCO;CCO;CCO;CCO;CCO;CCO
m_f5c42c,CCO;CCO;CCO;CCO;CCO;CCO;CCO;CCO;CCO;CCO;CCO;CCO;CCO;CCO;CCO;CCO;CCO;CCO;CCO;CCO;CCO;CCO;CCO;CCO;CCO
m_f7002e,CCO;CCO;CCO;CCO;CCO;CCO;CCO;CCO;CCO;CCO;CCO;CCO;CCO;CCO;CCO;CCO;CCO;CCO;CCO;CCO;CCO;CCO;CCO;CCO;CCO
m_f7302f,CCO;CCO;CCO;CCO;CCO;CCO;CCO;CCO;CCO;CCO;CCO;CCO;CCO;CCO;CCO;CCO;CCO;CCO;CCO;CCO;CCO;CCO;CCO;CCO;CCO
m_f82743,CCO;CCO;CCO;CCO;CCO;CCO;CCO;CCO;CCO;CCO;CCO;CCO;CCO;CCO;CCO;CCO;CCO;CCO;CCO;CCO;CCO;CCO;CCO;CCO;CCO
m_f858ee,CCO;CCO;CCO;CCO;CCO;CCO;CCO;CCO;CCO;CCO;CCO;CCO;CCO;CCO;CCO;CCO;CCO;CCO;CCO;CCO;CCO;CCO;CCO;CCO;CCO
m_f866a0,CCO;CCO;CCO;CCO;CCO;CCO;CCO;CCO;CCO;CCO;CCO;CCO;CCO;CCO;CCO;CCO;CCO;CCO;CCO;CCO;CCO;CCO;CCO;CCO;CCO
m_f8bf38,CCO;CCO;CCO;CCO;CCO;CCO;CCO;CCO;CCO;CCO;CCO;CCO;CCO;CCO;CCO;CCO;CCO;CCO;CCO;CCO;CCO;CCO;CCO;CCO;CCO
m_f8d39e,CCO;CCO;CCO;CCO;CCO;CCO;CCO;CCO;CCO;CCO;CCO;CCO;CCO;CCO;CCO;CCO;CCO;CCO;CCO;CCO;CCO;CCO;CCO;CCO;CCO
m_f8ef30,CCO;CCO;CCO;CCO;CCO;CCO;CCO;CCO;CCO;CCO;CCO;CCO;CCO;CCO;CCO;CCO;CCO;CCO;CCO;CCO;CCO;CCO;CCO;CCO;CCO
m_fb2bcc,CCO;CCO;CCO;CCO;CCO;CCO;CCO;CCO;CCO;CCO;CCO;CCO;CCO;CCO;CCO;CCO;CCO;CCO;CCO;CCO;CCO;CCO;CCO;CCO;CCO
m_fb6996,CCO;CCO;CCO;CCO;CCO;CCO;CCO;CCO;CCO;CCO;CCO;CCO;CCO;CCO;CCO;CCO;CCO;CCO;CCO;CCO;CCO;CCO;CCO;CCO;CCO
m_fbf20a,CCO;CCO;CCO;CCO;CCO;CCO;CCO;CCO;CCO;CCO;CCO;CCO;CCO;CCO;CCO;CCO;CCO;CCO;CCO;CCO;CCO;CCO;CCO;CCO;CCO
m_fd4556,CCO;CCO;CCO;CCO;CCO;CCO;CCO;CCO;CCO;CCO;CCO;CCO;CCO;CCO;CCO;CCO;CCO;CCO;CCO;CCO;CCO;CCO;CCO;CCO;CCO
m_fd693e,CCO;CCO;CCO;CCO;CCO;CCO;CCO;CCO;CCO;CCO;CCO;CCO;CCO;CCO;CCO;CCO;CCO;CCO;CCO;CCO;CCO;CCO;CCO;CCO;CCO
m_fe6eaa,CCO;CCO;CCO;CCO;CCO;CCO;CCO;CCO;CCO;CCO;CCO;CCO;CCO;CCO;CCO;CCO;CCO;CCO;CCO;CCO;CCO;CCO;CCO;CCO;CCO
m_fe9649,CCO;CCO;CCO;CCO;CCO;CCO;CCO;CCO;CCO;CCO;CCO;CCO;CCO;CCO;CCO;CCO;CCO;CCO;CCO;CCO;CCO;CCO;CCO;CCO;CCO
m_fea652,CCO;CCO;CCO;CCO;CCO;CCO;CCO;CCO;CCO;CCO;CCO;CCO;CCO;CCO;CCO;CCO;CCO;CCO;CCO;CCO;CCO;CCO;CCO;CCO;CCO
m_feb5c1,CCO;CCO;CCO;CCO;CCO;CCO;CCO;CCO;CCO;CCO;CCO;CCO;CCO;CCO;CCO;CCO;CCO;CCO;CCO;CCO;CCO;CCO;CCO;CCO;CCO
m_ff32bb,CCO;CCO;CCO;CCO;CCO;CCO;CCO;CCO;CCO;CCO;CCO;CCO;CCO;CCO;CCO;CCO;CCO;CCO;CCO;CCO;CCO;CCO;CCO;CCO;CCO
m_ff4ed5,CCO;CCO;CCO;CCO;CCO;CCO;CCO;CCO;CCO;CCO;CCO;CCO;CCO;CCO;CCO;CCO;CCO;CCO;CCO;CCO;CCO;CCO;CCO;CCO;CCO
m_ff5db9,CCO;CCO;CCO;CCO;CCO;CCO;CCO;CCO;CCO;CCO;CCO;CCO;CCO;CCO;CCO;CCO;CCO;CCO;CCO;CCO;CCO;CCO;CCO;CCO;CCO
m_ff7740,CCO;CCO;CCO;CCO;CCO;CCO;CCO;CCO;CCO;CCO;CCO;CCO;CCO;CCO;CCO;CCO;CCO;CCO;CCO;CCO;CCO;CCO;CCO;CCO;CCO
m_ff926d,CCO;CCO;CCO;CCO;CCO;CCO;CCO;CCO;CCO;CCO;CCO;CCO;CCO;CCO;CCO;CCO;CCO;CCO;CCO;CCO;CCO;CCO;CCO;CCO;CCO
